-- phpMyAdmin SQL Dump
-- version 4.7.7
-- https://www.phpmyadmin.net/
--
-- Host: 127.0.0.1
-- Generation Time: May 24, 2018 at 08:38 AM
-- Server version: 10.1.30-MariaDB
-- PHP Version: 7.2.2

SET SQL_MODE = "NO_AUTO_VALUE_ON_ZERO";
SET AUTOCOMMIT = 0;
START TRANSACTION;
SET time_zone = "+00:00";


/*!40101 SET @OLD_CHARACTER_SET_CLIENT=@@CHARACTER_SET_CLIENT */;
/*!40101 SET @OLD_CHARACTER_SET_RESULTS=@@CHARACTER_SET_RESULTS */;
/*!40101 SET @OLD_COLLATION_CONNECTION=@@COLLATION_CONNECTION */;
/*!40101 SET NAMES utf8mb4 */;

--
-- Database: `aktivitas`
--

-- --------------------------------------------------------

--
-- Table structure for table `aktivitas`
--

CREATE TABLE `aktivitas` (
  `id` bigint(20) UNSIGNED NOT NULL,
  `m_id` bigint(16) UNSIGNED NOT NULL,
  `user_id` int(8) UNSIGNED NOT NULL,
  `unit_kode` varchar(5) NOT NULL,
  `tanggal` date NOT NULL,
  `jam_start` time NOT NULL,
  `jam_end` time NOT NULL,
  `target` int(9) UNSIGNED NOT NULL,
  `satuan` varchar(255) DEFAULT NULL,
  `tgl_add` datetime NOT NULL,
  `tgl_update` datetime DEFAULT NULL,
  `update_oleh` int(8) DEFAULT NULL,
  `flag` tinyint(1) UNSIGNED ZEROFILL DEFAULT NULL
) ENGINE=InnoDB DEFAULT CHARSET=latin1;

--
-- Dumping data for table `aktivitas`
--

INSERT INTO `aktivitas` (`id`, `m_id`, `user_id`, `unit_kode`, `tanggal`, `jam_start`, `jam_end`, `target`, `satuan`, `tgl_add`, `tgl_update`, `update_oleh`, `flag`) VALUES
(2, 22, 1, '52563', '2018-05-02', '07:30:00', '09:00:00', 20, 'Dokumen', '2018-05-02 15:22:04', '2018-05-18 09:47:07', 1, 1),
(3, 1, 1, '52563', '2018-05-02', '14:00:00', '16:00:00', 10, 'responden', '2018-05-02 15:30:15', '2018-05-02 15:30:15', 1, 1),
(4, 3, 1, '52563', '2018-05-02', '10:00:00', '12:29:00', 50, 'responden', '2018-05-02 15:33:16', '2018-05-02 15:33:16', 1, 1),
(5, 4, 1, '52563', '2018-05-04', '07:30:00', '09:00:00', 1, 'kegiatan', '2018-05-04 17:23:25', '2018-05-04 17:23:26', 1, 1),
(6, 5, 1, '52563', '2018-05-04', '14:00:00', '16:00:00', 1, 'kegiatan', '2018-05-04 17:24:31', '2018-05-04 17:24:31', 1, 1),
(7, 6, 1, '52563', '2018-05-02', '12:00:00', '14:00:00', 1, 'Kegiatan', '2018-05-04 17:25:13', '2018-05-04 17:25:13', 1, 1),
(8, 7, 1, '52563', '2018-05-17', '08:00:00', '10:00:00', 1, 'kegiatan', '2018-05-17 08:52:52', '2018-05-17 08:52:53', 1, 1),
(9, 8, 1, '52563', '2018-05-17', '10:00:00', '12:00:00', 20, 'Responden', '2018-05-17 09:16:31', '2018-05-17 09:16:31', 1, 1),
(10, 8, 1, '52563', '2018-05-16', '07:30:00', '09:00:00', 10, 'responden', '2018-05-17 09:17:17', '2018-05-17 09:17:17', 1, 1),
(11, 9, 1, '52563', '2018-05-15', '07:30:00', '08:00:00', 1, 'kegiatan', '2018-05-17 09:25:16', '2018-05-17 09:25:17', 1, 1),
(12, 7, 1, '52563', '2018-05-15', '08:00:00', '10:00:00', 1, 'Kegiatan', '2018-05-17 09:27:33', '2018-05-17 09:27:33', 1, 1),
(13, 10, 1, '52563', '2018-05-03', '07:30:00', '09:00:00', 1, 'kegiatan', '2018-05-17 09:38:11', '2018-05-17 09:38:11', 1, 1),
(14, 11, 11, '52521', '2018-05-17', '08:00:00', '10:00:00', 1, 'Buku', '2018-05-17 13:41:30', '2018-05-17 13:41:30', 11, 1),
(15, 12, 11, '52521', '2018-05-16', '07:30:00', '09:00:00', 1, 'kegiatan', '2018-05-17 13:41:58', '2018-05-17 13:41:58', 11, 1),
(16, 13, 11, '52521', '2018-05-15', '07:30:00', '08:00:00', 1, 'Kegiatan', '2018-05-17 13:42:29', '2018-05-17 13:42:29', 11, 1),
(17, 14, 10, '52521', '2018-05-17', '08:00:00', '10:00:00', 1, 'Buku', '2018-05-17 13:46:05', '2018-05-17 13:46:05', 10, 1),
(18, 15, 10, '52521', '2018-05-16', '07:30:00', '10:00:00', 1, 'Kegiatan', '2018-05-17 13:47:07', '2018-05-17 13:47:07', 10, 1),
(19, 16, 10, '52521', '2018-05-15', '07:30:00', '08:00:00', 1, 'Kegiatan', '2018-05-17 13:48:33', '2018-05-17 13:48:34', 10, 1),
(20, 7, 1, '52563', '2018-05-18', '08:00:00', '10:00:00', 1, 'Kegiatan', '2018-05-18 08:33:20', '2018-05-18 09:46:22', 1, 1),
(21, 17, 1, '52563', '2018-05-17', '13:00:00', '15:00:00', 1, 'Kegiatan', '2018-05-18 08:34:32', '2018-05-18 08:34:32', 1, 1),
(22, 7, 1, '52563', '2018-05-16', '09:00:00', '12:00:00', 1, 'Kegiatan', '2018-05-18 08:35:02', '2018-05-18 08:35:02', 1, 1),
(23, 18, 16, '52515', '2018-05-18', '08:00:00', '09:00:00', 1, 'kegiatan', '2018-05-18 08:36:15', '2018-05-18 08:36:15', 16, 1),
(24, 19, 16, '52515', '2018-05-17', '08:00:00', '11:00:00', 3, 'laporan', '2018-05-18 08:37:17', '2018-05-18 08:37:18', 16, 1),
(25, 20, 17, '52515', '2018-05-18', '08:00:00', '10:00:00', 3, 'laporan', '2018-05-18 08:37:55', '2018-05-18 08:37:55', 17, 1),
(26, 21, 17, '52515', '2018-05-18', '08:00:00', '15:30:00', 1, 'Kegiatan', '2018-05-18 08:53:08', '2018-05-18 08:53:08', 17, 1),
(27, 17, 1, '52563', '2018-05-18', '10:00:00', '12:00:00', 2, 'laporan', '2018-05-18 09:04:50', '2018-05-18 09:04:50', 1, 1),
(28, 7, 1, '52563', '2018-05-14', '07:30:00', '09:00:00', 1, 'Kegiatan', '2018-05-18 09:49:13', NULL, NULL, 1),
(29, 24, 1, '52563', '2018-05-21', '08:00:00', '09:00:00', 1, 'Kegiatan', '2018-05-21 08:54:53', NULL, NULL, 1),
(30, 25, 1, '52563', '2018-05-21', '09:00:00', '12:00:00', 190, 'Dokumen', '2018-05-21 08:59:17', NULL, NULL, 1),
(31, 26, 1, '52563', '2018-05-21', '13:00:00', '15:00:00', 1, 'Kegiatan', '2018-05-21 13:39:48', NULL, NULL, 1),
(32, 27, 6, '52563', '2018-05-21', '08:00:00', '09:00:00', 1, 'Kegiatan', '2018-05-21 14:46:21', NULL, NULL, 1),
(33, 28, 6, '52563', '2018-05-21', '09:00:00', '12:00:00', 5, 'responden', '2018-05-21 14:46:53', NULL, NULL, 1),
(34, 29, 8, '52563', '2018-05-21', '08:00:00', '09:00:00', 1, 'Kegiatan', '2018-05-21 14:47:40', NULL, NULL, 1),
(35, 30, 8, '52563', '2018-05-21', '09:00:00', '12:00:00', 1, 'kegiatan', '2018-05-21 14:48:21', NULL, NULL, 1),
(36, 31, 21, '52551', '2018-05-21', '08:00:00', '09:00:00', 1, 'kegiatan', '2018-05-21 17:15:19', NULL, NULL, 1),
(37, 32, 27, '52563', '2018-05-22', '08:00:00', '09:01:00', 5, 'Responden', '2018-05-22 12:34:55', NULL, NULL, 1),
(38, 33, 27, '52563', '2018-04-02', '07:30:00', '08:00:00', 1, 'kegiatan', '2018-05-22 14:23:47', NULL, NULL, 1),
(39, 34, 27, '52563', '2018-05-21', '08:00:00', '09:00:00', 1, 'Kegiatan', '2018-05-22 15:48:15', NULL, NULL, 1),
(40, 7, 1, '52563', '2018-05-22', '08:00:00', '09:00:00', 1, 'kegiatan', '2018-05-23 08:10:53', NULL, NULL, 1),
(41, 8, 1, '52563', '2018-05-23', '08:00:00', '12:00:00', 190, 'Responden', '2018-05-23 08:13:16', '2018-05-23 08:13:29', 1, 1),
(42, 35, 27, '52563', '2018-05-23', '08:00:00', '10:00:00', 10, 'responden', '2018-05-23 10:12:08', NULL, NULL, 1),
(43, 7, 1, '52563', '2018-05-23', '12:30:00', '15:00:00', 1, 'kegiatan', '2018-05-23 10:13:12', NULL, NULL, 1);

-- --------------------------------------------------------

--
-- Table structure for table `hari_libur`
--

CREATE TABLE `hari_libur` (
  `id` int(11) NOT NULL,
  `tanggal` date NOT NULL,
  `ket` varchar(255) NOT NULL,
  `status` tinyint(1) NOT NULL,
  `tgl_add` datetime DEFAULT NULL,
  `add_oleh` int(8) DEFAULT NULL,
  `tgl_update` datetime DEFAULT NULL,
  `update_oleh` int(8) DEFAULT NULL
) ENGINE=InnoDB DEFAULT CHARSET=utf8;

--
-- Dumping data for table `hari_libur`
--

INSERT INTO `hari_libur` (`id`, `tanggal`, `ket`, `status`, `tgl_add`, `add_oleh`, `tgl_update`, `update_oleh`) VALUES
(1, '2018-01-01', 'Tahun Baru 2018', 1, NULL, NULL, '2018-05-17 08:24:32', 1),
(2, '2018-02-16', 'Tahun Baru Imlek 2569', 1, NULL, NULL, NULL, NULL),
(3, '2018-03-17', 'Hari Raya Nyepi', 1, NULL, NULL, NULL, NULL),
(4, '2018-03-30', 'Wafat Yesus Kristus', 1, NULL, NULL, NULL, NULL),
(5, '2018-05-01', 'Hari Buruh Internasional', 1, NULL, NULL, '2018-05-17 08:24:08', 1),
(6, '2018-05-10', 'Kenaikan Yesus Kristus', 1, NULL, NULL, '2018-05-17 08:23:47', 1),
(7, '2018-05-29', 'Hari Raya Waisak 2562', 1, NULL, NULL, '2018-05-17 08:23:28', 1),
(9, '2018-06-01', 'Hari Lahir Pancasila', 1, '2018-05-16 11:46:44', 1, '2018-05-17 08:24:25', 1),
(10, '2018-06-13', 'Cuti Bersama Hari Raya Idul Fitri 1439 H', 1, '2018-05-16 11:48:58', 1, '2018-05-17 08:31:19', 1),
(11, '2018-06-14', 'Cuti Bersama Hari Raya Idul Fitri', 1, '2018-05-16 11:49:17', 1, NULL, NULL),
(12, '2018-06-15', 'Hari Raya Idul Fitri 1439 H', 1, '2018-05-16 11:49:39', 1, '2018-05-17 08:20:44', 1),
(13, '2018-08-17', 'Proklamasi Kemerdekaan RI', 1, '2018-05-16 11:50:36', 1, '2018-05-16 12:12:28', 1),
(14, '2018-08-22', 'Hari Raya Idul Adha', 1, '2018-05-16 12:13:36', 1, '2018-05-16 12:13:55', 1),
(15, '2018-06-18', 'Cuti Bersama Hari Raya Idul Fitri 1439 H', 1, '2018-05-16 12:14:28', 1, '2018-05-17 08:23:15', 1),
(16, '2018-06-19', 'Cuti Bersama Hari Raya Idul Fitri', 1, '2018-05-16 12:14:54', 1, NULL, NULL),
(17, '2018-06-16', 'Hari Raya Idul Fitri 1439 H', 1, '2018-05-16 12:18:53', 1, '2018-05-17 08:21:01', 1),
(18, '2018-09-11', 'Tahun Baru Hijriyah', 1, '2018-05-16 12:21:18', 1, '2018-05-17 08:25:24', 1),
(19, '2018-11-20', 'Maulid Nabi Muhammad SAW', 1, '2018-05-17 08:32:37', 1, NULL, NULL),
(20, '2018-12-25', 'Hari Raya Natal 2018', 1, '2018-05-17 08:33:21', 1, '2018-05-18 08:32:25', 1),
(21, '2018-12-24', 'Cuti Bersama Hari Raya Natal', 1, '2018-05-17 08:33:39', 1, NULL, NULL);

-- --------------------------------------------------------

--
-- Table structure for table `kode_tombol`
--

CREATE TABLE `kode_tombol` (
  `id` tinyint(1) NOT NULL,
  `judul` varchar(50) DEFAULT NULL
) ENGINE=InnoDB DEFAULT CHARSET=latin1;

--
-- Dumping data for table `kode_tombol`
--

INSERT INTO `kode_tombol` (`id`, `judul`) VALUES
(0, 'Masuk'),
(1, 'Pulang'),
(2, 'Keluar'),
(3, 'Kembali'),
(4, 'Lembur Masuk'),
(5, 'Lembur Pulang');

-- --------------------------------------------------------

--
-- Table structure for table `log_absen`
--

CREATE TABLE `log_absen` (
  `id` bigint(20) UNSIGNED NOT NULL,
  `absen_id` varchar(20) DEFAULT NULL,
  `nama` varchar(200) DEFAULT NULL,
  `tanggal` date DEFAULT NULL,
  `jam` time DEFAULT NULL,
  `kode` tinyint(1) UNSIGNED DEFAULT NULL,
  `waktu_sync` datetime DEFAULT NULL,
  `flag` tinyint(1) UNSIGNED DEFAULT NULL,
  `ket` longtext
) ENGINE=InnoDB DEFAULT CHARSET=latin1;

--
-- Dumping data for table `log_absen`
--

INSERT INTO `log_absen` (`id`, `absen_id`, `nama`, `tanggal`, `jam`, `kode`, `waktu_sync`, `flag`, `ket`) VALUES
(1, '12458', 'Didik', '2018-05-24', '07:59:34', 0, '2018-05-24 14:10:34', NULL, NULL),
(2, '55838', 'Meta', '2018-05-24', '07:44:36', 0, '2018-05-24 14:10:34', NULL, NULL),
(3, '9321', 'Sri', '2018-05-24', '07:45:27', 0, '2018-05-24 14:10:34', NULL, NULL),
(4, '12203', 'Wirjan', '2018-05-24', '07:39:26', 0, '2018-05-24 14:10:34', NULL, NULL),
(5, '16404', 'Aris', '2018-05-24', '07:30:34', 0, '2018-05-24 14:10:34', NULL, NULL),
(6, '19680', 'Sinchan', '2018-05-24', '07:59:23', 0, '2018-05-24 14:10:34', NULL, NULL),
(7, '55178', 'Linna', '2018-05-24', '07:51:23', 0, '2018-05-24 14:10:34', NULL, NULL),
(8, '55178', 'Linna', '2018-05-24', '07:51:26', 0, '2018-05-24 14:10:34', NULL, NULL),
(9, '19476', 'Mus', '2018-05-24', '07:29:53', 0, '2018-05-24 14:10:34', NULL, NULL),
(10, '19476', 'Mus', '2018-05-24', '12:26:13', 2, '2018-05-24 14:10:34', NULL, NULL),
(11, '19476', 'Mus', '2018-05-24', '12:26:23', 3, '2018-05-24 14:10:35', NULL, NULL),
(12, '19393', 'Rosidi', '2018-05-24', '07:53:11', 0, '2018-05-24 14:10:35', NULL, NULL),
(13, '19393', 'Rosidi', '2018-05-24', '13:06:38', 2, '2018-05-24 14:10:35', NULL, NULL),
(14, '19393', 'Rosidi', '2018-05-24', '13:06:45', 3, '2018-05-24 14:10:35', NULL, NULL),
(15, '55170', 'Gun', '2018-05-24', '07:50:35', 0, '2018-05-24 14:10:35', NULL, NULL),
(16, '55170', 'Gun', '2018-05-24', '07:50:37', 0, '2018-05-24 14:10:35', NULL, NULL),
(17, '16544', 'Wini', '2018-05-24', '08:17:36', 0, '2018-05-24 14:10:35', NULL, NULL),
(18, '9601', 'Yanti', '2018-05-24', '07:50:18', 0, '2018-05-24 14:10:35', NULL, NULL),
(19, '9601', 'Yanti', '2018-05-24', '07:51:13', 0, '2018-05-24 14:10:35', NULL, NULL),
(20, '20473', 'Jimen', '2018-05-24', '07:49:09', 0, '2018-05-24 14:10:35', NULL, NULL),
(21, '20473', 'Jimen', '2018-05-24', '07:49:12', 0, '2018-05-24 14:10:35', NULL, NULL),
(22, '17056', 'Ikhsan', '2018-05-24', '07:56:36', 0, '2018-05-24 14:10:35', NULL, NULL),
(23, '13829', 'Tri', '2018-05-24', '07:48:35', 0, '2018-05-24 14:10:36', NULL, NULL),
(24, '11047', 'Suhartini', '2018-05-24', '07:48:29', 0, '2018-05-24 14:10:36', NULL, NULL),
(25, '53294', 'Isna', '2018-05-24', '07:59:09', 0, '2018-05-24 14:10:36', NULL, NULL),
(26, '14275', 'Saan', '2018-05-24', '06:56:19', 0, '2018-05-24 14:10:36', NULL, NULL),
(27, '12865', 'Atul', '2018-05-24', '07:55:48', 0, '2018-05-24 14:10:36', NULL, NULL),
(28, '12865', 'Atul', '2018-05-24', '07:55:50', 0, '2018-05-24 14:10:36', NULL, NULL),
(29, '9393', 'Eny', '2018-05-24', '07:52:18', 0, '2018-05-24 14:10:36', NULL, NULL),
(30, '9393', 'Eny', '2018-05-24', '12:09:08', 2, '2018-05-24 14:10:36', NULL, NULL),
(31, '9393', 'Eny', '2018-05-24', '12:09:20', 3, '2018-05-24 14:10:36', NULL, NULL),
(32, '17228', 'Rita', '2018-05-24', '07:47:51', 0, '2018-05-24 14:10:36', NULL, NULL),
(33, '17228', 'Rita', '2018-05-24', '12:26:57', 2, '2018-05-24 14:10:36', NULL, NULL),
(34, '17228', 'Rita', '2018-05-24', '12:27:04', 3, '2018-05-24 14:10:36', NULL, NULL),
(35, '12575', 'Nur', '2018-05-24', '07:59:17', 0, '2018-05-24 14:10:36', NULL, NULL),
(36, '12575', 'Nur', '2018-05-24', '07:59:19', 0, '2018-05-24 14:10:37', NULL, NULL),
(37, '8443', 'Kadek', '2018-05-24', '07:52:09', 0, '2018-05-24 14:10:37', NULL, NULL),
(38, '8443', 'Kadek', '2018-05-24', '12:50:08', 2, '2018-05-24 14:10:37', NULL, NULL),
(39, '16137', 'Zam', '2018-05-24', '07:36:53', 0, '2018-05-24 14:10:37', NULL, NULL),
(40, '16137', 'Zam', '2018-05-24', '07:36:55', 0, '2018-05-24 14:10:37', NULL, NULL),
(41, '13526', 'Rifai', '2018-05-24', '07:03:52', 0, '2018-05-24 14:10:37', NULL, NULL),
(42, '13526', 'Rifai', '2018-05-24', '07:03:55', 0, '2018-05-24 14:10:37', NULL, NULL),
(43, '10358', 'Fatimah', '2018-05-24', '07:55:53', 0, '2018-05-24 14:10:37', NULL, NULL),
(44, '11317', 'Islam', '2018-05-24', '08:07:24', 0, '2018-05-24 14:10:37', NULL, NULL),
(45, '18188', 'Ria', '2018-05-24', '07:56:02', 0, '2018-05-24 14:10:37', NULL, NULL),
(46, '13358', 'Roedi', '2018-05-24', '07:46:05', 0, '2018-05-24 14:10:37', NULL, NULL),
(47, '13358', 'Roedi', '2018-05-24', '07:46:12', 0, '2018-05-24 14:10:37', NULL, NULL),
(48, '13472', 'Wati', '2018-05-24', '07:58:45', 0, '2018-05-24 14:10:37', NULL, NULL),
(49, '54218', 'Ratna', '2018-05-24', '08:04:57', 0, '2018-05-24 14:10:38', NULL, NULL),
(50, '15309', 'Agus', '2018-05-24', '07:33:39', 0, '2018-05-24 14:10:38', NULL, NULL),
(51, '15309', 'Agus', '2018-05-24', '07:33:46', 0, '2018-05-24 14:10:38', NULL, NULL),
(52, '16866', 'Sukri', '2018-05-24', '07:59:38', 0, '2018-05-24 14:10:38', NULL, NULL),
(53, '16866', 'Sukri', '2018-05-24', '07:59:40', 0, '2018-05-24 14:10:38', NULL, NULL),
(54, '16866', 'Sukri', '2018-05-24', '07:59:44', 0, '2018-05-24 14:10:38', NULL, NULL),
(55, '16866', 'Sukri', '2018-05-24', '07:59:48', 0, '2018-05-24 14:10:38', NULL, NULL),
(56, '54414', 'Murni', '2018-05-24', '07:38:34', 0, '2018-05-24 14:10:38', NULL, NULL),
(57, '17401', 'Mika', '2018-05-24', '07:49:59', 0, '2018-05-24 14:10:38', NULL, NULL),
(58, '17401', 'Mika', '2018-05-24', '07:50:01', 0, '2018-05-24 14:10:38', NULL, NULL),
(59, '15534', 'Luken', '2018-05-24', '08:39:57', 0, '2018-05-24 14:10:38', NULL, NULL),
(60, '9275', 'Bedah', '2018-05-24', '07:48:58', 0, '2018-05-24 14:10:38', NULL, NULL),
(61, '9275', 'Bedah', '2018-05-24', '12:11:33', 2, '2018-05-24 14:10:39', NULL, NULL),
(62, '9275', 'Bedah', '2018-05-24', '12:11:39', 3, '2018-05-24 14:10:39', NULL, NULL),
(63, '16053', 'Yudhis', '2018-05-24', '07:51:01', 0, '2018-05-24 14:10:39', NULL, NULL),
(64, '54408', 'Cass', '2018-05-24', '07:38:37', 0, '2018-05-24 14:10:39', NULL, NULL),
(65, '54408', 'Cass', '2018-05-24', '07:38:48', 0, '2018-05-24 14:10:39', NULL, NULL),
(66, '525200001', 'Ibun', '2018-05-24', '06:38:34', 1, '2018-05-24 14:10:39', NULL, NULL),
(67, '525200001', 'Ibun', '2018-05-24', '13:52:35', 0, '2018-05-24 14:10:39', NULL, NULL),
(68, '525200003', 'Mar', '2018-05-24', '07:01:32', 0, '2018-05-24 14:10:39', NULL, NULL),
(69, '525200004', 'Muli', '2018-05-24', '06:46:28', 0, '2018-05-24 14:10:39', NULL, NULL),
(70, '525200004', 'Muli', '2018-05-24', '12:40:43', 2, '2018-05-24 14:10:39', NULL, NULL),
(71, '525200004', 'Muli', '2018-05-24', '12:40:54', 3, '2018-05-24 14:10:39', NULL, NULL),
(72, '17065', 'Tina', '2018-05-24', '07:50:13', 0, '2018-05-24 14:10:39', NULL, NULL),
(73, '50125', 'Indra', '2018-05-24', '07:55:59', 0, '2018-05-24 14:10:39', NULL, NULL),
(74, '52171', 'Darte', '2018-05-24', '07:55:44', 0, '2018-05-24 14:10:40', NULL, NULL),
(75, '52171', 'Darte', '2018-05-24', '12:41:09', 2, '2018-05-24 14:10:40', NULL, NULL),
(76, '52171', 'Darte', '2018-05-24', '12:49:54', 3, '2018-05-24 14:10:40', NULL, NULL),
(77, '525200005', 'Heri', '2018-05-24', '07:24:04', 0, '2018-05-24 14:10:40', NULL, NULL),
(78, '12530', 'Endang ', '2018-05-24', '07:49:41', 0, '2018-05-24 14:10:40', NULL, NULL),
(79, '54209', 'Anik', '2018-05-24', '07:56:11', 0, '2018-05-24 14:10:40', NULL, NULL),
(80, '525200006', 'Isfi', '2018-05-24', '06:26:26', 0, '2018-05-24 14:10:40', NULL, NULL),
(81, '525200006', 'Isfi', '2018-05-24', '06:26:28', 0, '2018-05-24 14:10:40', NULL, NULL),
(82, '525200008', 'Birin', '2018-05-24', '07:24:30', 0, '2018-05-24 14:10:40', NULL, NULL),
(83, '525200009', 'Salam', '2018-05-24', '07:27:15', 0, '2018-05-24 14:10:40', NULL, NULL),
(84, '525200009', 'Salam', '2018-05-24', '12:39:51', 2, '2018-05-24 14:10:40', NULL, NULL),
(85, '525200009', 'Salam', '2018-05-24', '12:39:58', 3, '2018-05-24 14:10:40', NULL, NULL),
(86, '50210', 'Wulan', '2018-05-24', '07:53:44', 0, '2018-05-24 14:10:40', NULL, NULL),
(87, '56359', 'Medhia', '2018-05-24', '07:57:16', 0, '2018-05-24 14:10:40', NULL, NULL),
(88, '56359', 'Medhia', '2018-05-24', '07:57:20', 0, '2018-05-24 14:10:41', NULL, NULL),
(89, '525200010', 'Andre', '2018-05-24', '07:43:50', 0, '2018-05-24 14:10:41', NULL, NULL),
(90, '525200010', 'Andre', '2018-05-24', '12:40:24', 3, '2018-05-24 14:10:41', NULL, NULL),
(91, '16543', 'Yassinta', '2018-05-24', '07:43:06', 0, '2018-05-24 14:10:41', NULL, NULL),
(92, '16543', 'Yassinta', '2018-05-24', '07:43:08', 0, '2018-05-24 14:10:41', NULL, NULL),
(93, '19265', 'Amy', '2018-05-24', '07:43:15', 0, '2018-05-24 14:10:41', NULL, NULL),
(94, '19265', 'Amy', '2018-05-24', '07:43:17', 0, '2018-05-24 14:10:41', NULL, NULL),
(95, '14405', 'Kartini', '2018-05-24', '07:52:42', 0, '2018-05-24 14:10:41', NULL, NULL),
(96, '14405', 'Kartini', '2018-05-24', '07:52:58', 0, '2018-05-24 14:10:41', NULL, NULL),
(97, '50195', 'Pepti', '2018-05-24', '07:53:16', 0, '2018-05-24 14:10:41', NULL, NULL),
(98, '525200011', 'Danuru', '2018-05-24', '06:59:14', 1, '2018-05-24 14:10:42', NULL, NULL),
(99, '57173', 'Nurmy', '2018-05-24', '07:44:49', 0, '2018-05-24 14:10:42', NULL, NULL),
(100, '16061', 'Ike', '2018-05-24', '07:59:02', 0, '2018-05-24 14:10:42', NULL, NULL),
(101, '16061', 'Ike', '2018-05-24', '07:59:05', 0, '2018-05-24 14:10:42', NULL, NULL),
(102, '50165', 'Zainuri', '2018-05-24', '07:57:41', 0, '2018-05-24 14:10:42', NULL, NULL),
(103, '50165', 'Zainuri', '2018-05-24', '07:57:43', 0, '2018-05-24 14:10:42', NULL, NULL),
(104, '50165', 'Zainuri', '2018-05-24', '07:57:45', 0, '2018-05-24 14:10:42', NULL, NULL),
(105, '50272', 'Yati', '2018-05-24', '07:57:49', 0, '2018-05-24 14:10:42', NULL, NULL),
(106, '50272', 'Yati', '2018-05-24', '07:57:52', 0, '2018-05-24 14:10:42', NULL, NULL),
(107, '5256543', 'Dony', '2018-05-24', '08:20:18', 0, '2018-05-24 14:10:42', NULL, NULL),
(108, '57724', 'Anisa', '2018-05-24', '07:56:28', 0, '2018-05-24 14:10:43', NULL, NULL),
(109, '57235', 'Wahyudi', '2018-05-24', '07:37:07', 0, '2018-05-24 14:10:43', NULL, NULL),
(110, '16217', 'Ati', '2018-05-24', '07:56:20', 0, '2018-05-24 14:10:43', NULL, NULL),
(111, '16217', 'Ati', '2018-05-24', '07:56:43', 0, '2018-05-24 14:10:43', NULL, NULL),
(112, '13098', 'Putradi', '2018-05-24', '07:26:14', 0, '2018-05-24 14:10:43', NULL, NULL),
(113, '13474', 'Supratna', '2018-05-24', '07:53:32', 0, '2018-05-24 14:10:43', NULL, NULL),
(114, '13471', 'Lanang', '2018-05-24', '08:01:37', 0, '2018-05-24 14:10:43', NULL, NULL),
(115, '12458', 'Didik', '2018-05-23', '07:46:23', 0, '2018-05-24 14:11:51', NULL, NULL),
(116, '12458', 'Didik', '2018-05-23', '15:55:31', 1, '2018-05-24 14:11:51', NULL, NULL),
(117, '15068', 'Endah', '2018-05-23', '07:42:25', 0, '2018-05-24 14:11:51', NULL, NULL),
(118, '15068', 'Endah', '2018-05-23', '15:39:10', 2, '2018-05-24 14:11:52', NULL, NULL),
(119, '15068', 'Endah', '2018-05-23', '15:39:16', 2, '2018-05-24 14:11:52', NULL, NULL),
(120, '55838', 'Meta', '2018-05-23', '07:37:59', 0, '2018-05-24 14:11:52', NULL, NULL),
(121, '55838', 'Meta', '2018-05-23', '15:03:26', 1, '2018-05-24 14:11:52', NULL, NULL),
(122, '9321', 'Sri', '2018-05-23', '07:47:44', 0, '2018-05-24 14:11:52', NULL, NULL),
(123, '9321', 'Sri', '2018-05-23', '13:13:42', 2, '2018-05-24 14:11:52', NULL, NULL),
(124, '9321', 'Sri', '2018-05-23', '13:13:50', 3, '2018-05-24 14:11:52', NULL, NULL),
(125, '9321', 'Sri', '2018-05-23', '15:07:00', 0, '2018-05-24 14:11:52', NULL, NULL),
(126, '9321', 'Sri', '2018-05-23', '15:07:02', 0, '2018-05-24 14:11:52', NULL, NULL),
(127, '9321', 'Sri', '2018-05-23', '15:07:09', 1, '2018-05-24 14:11:52', NULL, NULL),
(128, '9321', 'Sri', '2018-05-23', '15:07:11', 1, '2018-05-24 14:11:52', NULL, NULL),
(129, '12203', 'Wirjan', '2018-05-23', '07:43:57', 0, '2018-05-24 14:11:53', NULL, NULL),
(130, '12203', 'Wirjan', '2018-05-23', '07:44:10', 0, '2018-05-24 14:11:53', NULL, NULL),
(131, '12203', 'Wirjan', '2018-05-23', '12:00:13', 2, '2018-05-24 14:11:53', NULL, NULL),
(132, '12203', 'Wirjan', '2018-05-23', '12:01:05', 3, '2018-05-24 14:11:53', NULL, NULL),
(133, '12203', 'Wirjan', '2018-05-23', '15:02:31', 1, '2018-05-24 14:11:53', NULL, NULL),
(134, '16404', 'Aris', '2018-05-23', '07:35:37', 0, '2018-05-24 14:11:54', NULL, NULL),
(135, '16404', 'Aris', '2018-05-23', '15:31:28', 1, '2018-05-24 14:11:54', NULL, NULL),
(136, '19680', 'Sinchan', '2018-05-23', '07:58:06', 0, '2018-05-24 14:11:54', NULL, NULL),
(137, '19680', 'Sinchan', '2018-05-23', '17:03:36', 1, '2018-05-24 14:11:54', NULL, NULL),
(138, '55178', 'Linna', '2018-05-23', '07:53:25', 1, '2018-05-24 14:11:54', NULL, NULL),
(139, '55178', 'Linna', '2018-05-23', '15:07:34', 1, '2018-05-24 14:11:54', NULL, NULL),
(140, '55178', 'Linna', '2018-05-23', '15:07:36', 1, '2018-05-24 14:11:54', NULL, NULL),
(141, '19476', 'Mus', '2018-05-23', '07:45:20', 0, '2018-05-24 14:11:54', NULL, NULL),
(142, '19476', 'Mus', '2018-05-23', '15:07:45', 1, '2018-05-24 14:11:54', NULL, NULL),
(143, '19393', 'Rosidi', '2018-05-23', '05:47:32', 0, '2018-05-24 14:11:55', NULL, NULL),
(144, '19393', 'Rosidi', '2018-05-23', '05:47:37', 0, '2018-05-24 14:11:55', NULL, NULL),
(145, '19393', 'Rosidi', '2018-05-23', '07:33:47', 0, '2018-05-24 14:11:55', NULL, NULL),
(146, '19393', 'Rosidi', '2018-05-23', '12:39:00', 2, '2018-05-24 14:11:55', NULL, NULL),
(147, '19393', 'Rosidi', '2018-05-23', '12:39:07', 3, '2018-05-24 14:11:55', NULL, NULL),
(148, '19393', 'Rosidi', '2018-05-23', '17:19:45', 1, '2018-05-24 14:11:55', NULL, NULL),
(149, '55170', 'Gun', '2018-05-23', '07:54:58', 0, '2018-05-24 14:11:55', NULL, NULL),
(150, '55170', 'Gun', '2018-05-23', '07:55:00', 0, '2018-05-24 14:11:55', NULL, NULL),
(151, '55170', 'Gun', '2018-05-23', '15:12:07', 1, '2018-05-24 14:11:55', NULL, NULL),
(152, '55170', 'Gun', '2018-05-23', '15:12:09', 1, '2018-05-24 14:11:55', NULL, NULL),
(153, '16544', 'Wini', '2018-05-23', '07:58:37', 0, '2018-05-24 14:11:55', NULL, NULL),
(154, '16544', 'Wini', '2018-05-23', '15:20:43', 1, '2018-05-24 14:11:55', NULL, NULL),
(155, '9601', 'Yanti', '2018-05-23', '07:40:11', 0, '2018-05-24 14:11:55', NULL, NULL),
(156, '9601', 'Yanti', '2018-05-23', '07:40:13', 0, '2018-05-24 14:11:55', NULL, NULL),
(157, '9601', 'Yanti', '2018-05-23', '07:40:20', 0, '2018-05-24 14:11:56', NULL, NULL),
(158, '9601', 'Yanti', '2018-05-23', '13:13:09', 2, '2018-05-24 14:11:56', NULL, NULL),
(159, '9601', 'Yanti', '2018-05-23', '13:13:16', 3, '2018-05-24 14:11:56', NULL, NULL),
(160, '9601', 'Yanti', '2018-05-23', '15:02:43', 1, '2018-05-24 14:11:56', NULL, NULL),
(161, '20473', 'Jimen', '2018-05-23', '08:03:06', 0, '2018-05-24 14:11:56', NULL, NULL),
(162, '20473', 'Jimen', '2018-05-23', '15:43:54', 1, '2018-05-24 14:11:56', NULL, NULL),
(163, '17056', 'Ikhsan', '2018-05-23', '07:57:12', 0, '2018-05-24 14:11:56', NULL, NULL),
(164, '17056', 'Ikhsan', '2018-05-23', '07:57:21', 0, '2018-05-24 14:11:56', NULL, NULL),
(165, '17056', 'Ikhsan', '2018-05-23', '15:12:52', 1, '2018-05-24 14:11:56', NULL, NULL),
(166, '13829', 'Tri', '2018-05-23', '15:40:43', 1, '2018-05-24 14:11:56', NULL, NULL),
(167, '11047', 'Suhartini', '2018-05-23', '07:56:55', 0, '2018-05-24 14:11:56', NULL, NULL),
(168, '11047', 'Suhartini', '2018-05-23', '15:05:07', 1, '2018-05-24 14:11:56', NULL, NULL),
(169, '11047', 'Suhartini', '2018-05-23', '15:05:50', 1, '2018-05-24 14:11:56', NULL, NULL),
(170, '53294', 'Isna', '2018-05-23', '07:57:04', 0, '2018-05-24 14:11:57', NULL, NULL),
(171, '53294', 'Isna', '2018-05-23', '15:06:06', 1, '2018-05-24 14:11:57', NULL, NULL),
(172, '14275', 'Saan', '2018-05-23', '07:11:40', 0, '2018-05-24 14:11:57', NULL, NULL),
(173, '14275', 'Saan', '2018-05-23', '15:08:52', 1, '2018-05-24 14:11:57', NULL, NULL),
(174, '12865', 'Atul', '2018-05-23', '07:50:45', 0, '2018-05-24 14:11:57', NULL, NULL),
(175, '12865', 'Atul', '2018-05-23', '07:50:47', 0, '2018-05-24 14:11:57', NULL, NULL),
(176, '12865', 'Atul', '2018-05-23', '15:20:52', 1, '2018-05-24 14:11:57', NULL, NULL),
(177, '12865', 'Atul', '2018-05-23', '15:20:54', 1, '2018-05-24 14:11:57', NULL, NULL),
(178, '9393', 'Eny', '2018-05-23', '07:45:26', 0, '2018-05-24 14:11:57', NULL, NULL),
(179, '9393', 'Eny', '2018-05-23', '07:45:28', 0, '2018-05-24 14:11:57', NULL, NULL),
(180, '9393', 'Eny', '2018-05-23', '15:04:55', 1, '2018-05-24 14:11:57', NULL, NULL),
(181, '17228', 'Rita', '2018-05-23', '07:43:06', 0, '2018-05-24 14:11:57', NULL, NULL),
(182, '17228', 'Rita', '2018-05-23', '15:03:24', 1, '2018-05-24 14:11:57', NULL, NULL),
(183, '12575', 'Nur', '2018-05-23', '07:58:31', 0, '2018-05-24 14:11:58', NULL, NULL),
(184, '12575', 'Nur', '2018-05-23', '15:09:43', 1, '2018-05-24 14:11:58', NULL, NULL),
(185, '12575', 'Nur', '2018-05-23', '15:09:47', 1, '2018-05-24 14:11:58', NULL, NULL),
(186, '8443', 'Kadek', '2018-05-23', '07:30:21', 0, '2018-05-24 14:11:58', NULL, NULL),
(187, '8443', 'Kadek', '2018-05-23', '15:17:10', 1, '2018-05-24 14:11:58', NULL, NULL),
(188, '8443', 'Kadek', '2018-05-23', '15:17:12', 1, '2018-05-24 14:11:58', NULL, NULL),
(189, '16137', 'Zam', '2018-05-23', '07:17:58', 0, '2018-05-24 14:11:58', NULL, NULL),
(190, '16137', 'Zam', '2018-05-23', '07:18:00', 0, '2018-05-24 14:11:58', NULL, NULL),
(191, '16137', 'Zam', '2018-05-23', '07:18:03', 0, '2018-05-24 14:11:58', NULL, NULL),
(192, '16137', 'Zam', '2018-05-23', '16:10:06', 1, '2018-05-24 14:11:58', NULL, NULL),
(193, '16137', 'Zam', '2018-05-23', '16:10:08', 1, '2018-05-24 14:11:58', NULL, NULL),
(194, '13526', 'Rifai', '2018-05-23', '06:58:53', 0, '2018-05-24 14:11:58', NULL, NULL),
(195, '13526', 'Rifai', '2018-05-23', '15:12:46', 1, '2018-05-24 14:11:59', NULL, NULL),
(196, '11320', 'Sulastri', '2018-05-23', '08:01:05', 0, '2018-05-24 14:11:59', NULL, NULL),
(197, '11320', 'Sulastri', '2018-05-23', '15:08:07', 1, '2018-05-24 14:11:59', NULL, NULL),
(198, '10358', 'Fatimah', '2018-05-23', '07:55:12', 0, '2018-05-24 14:11:59', NULL, NULL),
(199, '10358', 'Fatimah', '2018-05-23', '07:55:19', 0, '2018-05-24 14:11:59', NULL, NULL),
(200, '10358', 'Fatimah', '2018-05-23', '15:04:02', 1, '2018-05-24 14:11:59', NULL, NULL),
(201, '11317', 'Islam', '2018-05-23', '07:52:03', 0, '2018-05-24 14:11:59', NULL, NULL),
(202, '11317', 'Islam', '2018-05-23', '07:52:05', 0, '2018-05-24 14:11:59', NULL, NULL),
(203, '11317', 'Islam', '2018-05-23', '16:15:51', 1, '2018-05-24 14:11:59', NULL, NULL),
(204, '18188', 'Ria', '2018-05-23', '08:09:31', 0, '2018-05-24 14:11:59', NULL, NULL),
(205, '18188', 'Ria', '2018-05-23', '15:06:29', 1, '2018-05-24 14:11:59', NULL, NULL),
(206, '13358', 'Roedi', '2018-05-23', '08:00:05', 0, '2018-05-24 14:11:59', NULL, NULL),
(207, '13358', 'Roedi', '2018-05-23', '15:09:40', 1, '2018-05-24 14:12:00', NULL, NULL),
(208, '54218', 'Ratna', '2018-05-23', '07:48:57', 0, '2018-05-24 14:12:00', NULL, NULL),
(209, '54218', 'Ratna', '2018-05-23', '15:15:52', 1, '2018-05-24 14:12:00', NULL, NULL),
(210, '15309', 'Agus', '2018-05-23', '07:35:54', 0, '2018-05-24 14:12:00', NULL, NULL),
(211, '15309', 'Agus', '2018-05-23', '07:35:57', 0, '2018-05-24 14:12:00', NULL, NULL),
(212, '15309', 'Agus', '2018-05-23', '15:23:51', 1, '2018-05-24 14:12:00', NULL, NULL),
(213, '15309', 'Agus', '2018-05-23', '15:23:54', 1, '2018-05-24 14:12:00', NULL, NULL),
(214, '15309', 'Agus', '2018-05-23', '16:50:58', 1, '2018-05-24 14:12:00', NULL, NULL),
(215, '16866', 'Sukri', '2018-05-23', '07:59:41', 0, '2018-05-24 14:12:00', NULL, NULL),
(216, '16866', 'Sukri', '2018-05-23', '07:59:43', 0, '2018-05-24 14:12:00', NULL, NULL),
(217, '16866', 'Sukri', '2018-05-23', '07:59:48', 0, '2018-05-24 14:12:00', NULL, NULL),
(218, '16866', 'Sukri', '2018-05-23', '07:59:50', 0, '2018-05-24 14:12:00', NULL, NULL),
(219, '16866', 'Sukri', '2018-05-23', '16:11:32', 1, '2018-05-24 14:12:01', NULL, NULL),
(220, '16866', 'Sukri', '2018-05-23', '16:11:35', 1, '2018-05-24 14:12:01', NULL, NULL),
(221, '16866', 'Sukri', '2018-05-23', '16:11:37', 1, '2018-05-24 14:12:01', NULL, NULL),
(222, '54414', 'Murni', '2018-05-23', '07:41:08', 0, '2018-05-24 14:12:01', NULL, NULL),
(223, '54414', 'Murni', '2018-05-23', '16:06:49', 1, '2018-05-24 14:12:01', NULL, NULL),
(224, '17401', 'Mika', '2018-05-23', '07:55:39', 0, '2018-05-24 14:12:01', NULL, NULL),
(225, '17401', 'Mika', '2018-05-23', '07:55:41', 0, '2018-05-24 14:12:01', NULL, NULL),
(226, '17401', 'Mika', '2018-05-23', '07:55:42', 0, '2018-05-24 14:12:01', NULL, NULL),
(227, '17401', 'Mika', '2018-05-23', '15:33:37', 1, '2018-05-24 14:12:01', NULL, NULL),
(228, '17401', 'Mika', '2018-05-23', '15:33:42', 1, '2018-05-24 14:12:01', NULL, NULL),
(229, '15534', 'Luken', '2018-05-23', '07:55:30', 0, '2018-05-24 14:12:02', NULL, NULL),
(230, '15534', 'Luken', '2018-05-23', '22:11:54', 1, '2018-05-24 14:12:02', NULL, NULL),
(231, '9275', 'Bedah', '2018-05-23', '07:54:21', 0, '2018-05-24 14:12:02', NULL, NULL),
(232, '9275', 'Bedah', '2018-05-23', '12:10:04', 2, '2018-05-24 14:12:02', NULL, NULL),
(233, '9275', 'Bedah', '2018-05-23', '12:10:12', 3, '2018-05-24 14:12:02', NULL, NULL),
(234, '9275', 'Bedah', '2018-05-23', '15:01:44', 1, '2018-05-24 14:12:02', NULL, NULL),
(235, '16053', 'Yudhis', '2018-05-23', '07:52:35', 0, '2018-05-24 14:12:02', NULL, NULL),
(236, '54408', 'Cass', '2018-05-23', '07:41:00', 0, '2018-05-24 14:12:02', NULL, NULL),
(237, '54408', 'Cass', '2018-05-23', '07:41:02', 0, '2018-05-24 14:12:02', NULL, NULL),
(238, '54408', 'Cass', '2018-05-23', '15:56:35', 1, '2018-05-24 14:12:02', NULL, NULL),
(239, '525200001', 'Ibun', '2018-05-23', '06:35:06', 1, '2018-05-24 14:12:02', NULL, NULL),
(240, '525200001', 'Ibun', '2018-05-23', '21:56:23', 0, '2018-05-24 14:12:02', NULL, NULL),
(241, '525200002', 'Juned', '2018-05-23', '14:13:34', 0, '2018-05-24 14:12:02', NULL, NULL),
(242, '525200003', 'Mar', '2018-05-23', '06:23:58', 0, '2018-05-24 14:12:02', NULL, NULL),
(243, '525200003', 'Mar', '2018-05-23', '15:09:33', 1, '2018-05-24 14:12:03', NULL, NULL),
(244, '525200004', 'Muli', '2018-05-23', '06:47:20', 0, '2018-05-24 14:12:03', NULL, NULL),
(245, '525200004', 'Muli', '2018-05-23', '15:06:36', 1, '2018-05-24 14:12:03', NULL, NULL),
(246, '17065', 'Tina', '2018-05-23', '07:40:28', 0, '2018-05-24 14:12:03', NULL, NULL),
(247, '17065', 'Tina', '2018-05-23', '15:42:23', 1, '2018-05-24 14:12:03', NULL, NULL),
(248, '50125', 'Indra', '2018-05-23', '08:00:47', 0, '2018-05-24 14:12:03', NULL, NULL),
(249, '50125', 'Indra', '2018-05-23', '17:49:51', 1, '2018-05-24 14:12:03', NULL, NULL),
(250, '50125', 'Indra', '2018-05-23', '17:49:53', 1, '2018-05-24 14:12:03', NULL, NULL),
(251, '52171', 'Darte', '2018-05-23', '07:51:08', 0, '2018-05-24 14:12:04', NULL, NULL),
(252, '52171', 'Darte', '2018-05-23', '15:07:51', 0, '2018-05-24 14:12:04', NULL, NULL),
(253, '52171', 'Darte', '2018-05-23', '15:07:59', 1, '2018-05-24 14:12:04', NULL, NULL),
(254, '525200005', 'Heri', '2018-05-23', '06:19:25', 0, '2018-05-24 14:12:04', NULL, NULL),
(255, '525200005', 'Heri', '2018-05-23', '15:02:59', 1, '2018-05-24 14:12:04', NULL, NULL),
(256, '54209', 'Anik', '2018-05-23', '07:55:48', 0, '2018-05-24 14:12:04', NULL, NULL),
(257, '54209', 'Anik', '2018-05-23', '15:30:21', 1, '2018-05-24 14:12:04', NULL, NULL),
(258, '525200006', 'Isfi', '2018-05-23', '06:10:35', 0, '2018-05-24 14:12:04', NULL, NULL),
(259, '525200006', 'Isfi', '2018-05-23', '06:10:37', 0, '2018-05-24 14:12:04', NULL, NULL),
(260, '525200006', 'Isfi', '2018-05-23', '15:04:35', 1, '2018-05-24 14:12:05', NULL, NULL),
(261, '525200006', 'Isfi', '2018-05-23', '15:04:37', 1, '2018-05-24 14:12:05', NULL, NULL),
(262, '525200007', 'Yasa', '2018-05-23', '17:04:53', 0, '2018-05-24 14:12:05', NULL, NULL),
(263, '525200007', 'Yasa', '2018-05-23', '22:01:54', 1, '2018-05-24 14:12:05', NULL, NULL),
(264, '525200008', 'Birin', '2018-05-23', '07:13:19', 0, '2018-05-24 14:12:05', NULL, NULL),
(265, '525200008', 'Birin', '2018-05-23', '15:03:33', 1, '2018-05-24 14:12:05', NULL, NULL),
(266, '525200009', 'Salam', '2018-05-23', '07:25:13', 0, '2018-05-24 14:12:05', NULL, NULL),
(267, '525200009', 'Salam', '2018-05-23', '15:08:05', 1, '2018-05-24 14:12:06', NULL, NULL),
(268, '50210', 'Wulan', '2018-05-23', '07:48:27', 0, '2018-05-24 14:12:06', NULL, NULL),
(269, '50210', 'Wulan', '2018-05-23', '15:02:05', 0, '2018-05-24 14:12:06', NULL, NULL),
(270, '56359', 'Medhia', '2018-05-23', '07:57:34', 0, '2018-05-24 14:12:06', NULL, NULL),
(271, '56359', 'Medhia', '2018-05-23', '07:57:37', 0, '2018-05-24 14:12:06', NULL, NULL),
(272, '56359', 'Medhia', '2018-05-23', '16:19:21', 1, '2018-05-24 14:12:06', NULL, NULL),
(273, '525200010', 'Andre', '2018-05-23', '07:30:32', 0, '2018-05-24 14:12:06', NULL, NULL),
(274, '525200010', 'Andre', '2018-05-23', '12:50:44', 3, '2018-05-24 14:12:06', NULL, NULL),
(275, '525200010', 'Andre', '2018-05-23', '15:48:34', 1, '2018-05-24 14:12:06', NULL, NULL),
(276, '16543', 'Yassinta', '2018-05-23', '07:43:39', 0, '2018-05-24 14:12:06', NULL, NULL),
(277, '16543', 'Yassinta', '2018-05-23', '07:43:41', 0, '2018-05-24 14:12:07', NULL, NULL),
(278, '16543', 'Yassinta', '2018-05-23', '07:44:02', 0, '2018-05-24 14:12:07', NULL, NULL),
(279, '16543', 'Yassinta', '2018-05-23', '15:23:34', 1, '2018-05-24 14:12:07', NULL, NULL),
(280, '16543', 'Yassinta', '2018-05-23', '15:23:35', 1, '2018-05-24 14:12:07', NULL, NULL),
(281, '14405', 'Kartini', '2018-05-23', '07:53:40', 0, '2018-05-24 14:12:07', NULL, NULL),
(282, '14405', 'Kartini', '2018-05-23', '07:53:51', 0, '2018-05-24 14:12:07', NULL, NULL),
(283, '14405', 'Kartini', '2018-05-23', '15:07:21', 1, '2018-05-24 14:12:07', NULL, NULL),
(284, '14405', 'Kartini', '2018-05-23', '15:07:24', 1, '2018-05-24 14:12:07', NULL, NULL),
(285, '50195', 'Pepti', '2018-05-23', '07:56:51', 0, '2018-05-24 14:12:07', NULL, NULL),
(286, '50195', 'Pepti', '2018-05-23', '07:57:16', 0, '2018-05-24 14:12:07', NULL, NULL),
(287, '50195', 'Pepti', '2018-05-23', '15:30:25', 1, '2018-05-24 14:12:07', NULL, NULL),
(288, '525200011', 'Danuru', '2018-05-23', '06:50:09', 1, '2018-05-24 14:12:07', NULL, NULL),
(289, '525200011', 'Danuru', '2018-05-23', '21:58:48', 0, '2018-05-24 14:12:08', NULL, NULL),
(290, '57173', 'Nurmy', '2018-05-23', '06:44:35', 0, '2018-05-24 14:12:08', NULL, NULL),
(291, '57173', 'Nurmy', '2018-05-23', '15:27:07', 0, '2018-05-24 14:12:08', NULL, NULL),
(292, '57173', 'Nurmy', '2018-05-23', '15:27:13', 1, '2018-05-24 14:12:08', NULL, NULL),
(293, '16061', 'Ike', '2018-05-23', '07:54:48', 0, '2018-05-24 14:12:08', NULL, NULL),
(294, '16061', 'Ike', '2018-05-23', '15:07:28', 1, '2018-05-24 14:12:08', NULL, NULL),
(295, '16061', 'Ike', '2018-05-23', '15:27:18', 1, '2018-05-24 14:12:08', NULL, NULL),
(296, '50165', 'Zainuri', '2018-05-23', '07:57:40', 0, '2018-05-24 14:12:08', NULL, NULL),
(297, '50165', 'Zainuri', '2018-05-23', '07:57:43', 0, '2018-05-24 14:12:08', NULL, NULL),
(298, '50165', 'Zainuri', '2018-05-23', '15:10:37', 1, '2018-05-24 14:12:08', NULL, NULL),
(299, '50165', 'Zainuri', '2018-05-23', '15:10:39', 1, '2018-05-24 14:12:08', NULL, NULL),
(300, '50165', 'Zainuri', '2018-05-23', '15:10:44', 1, '2018-05-24 14:12:09', NULL, NULL),
(301, '50272', 'Yati', '2018-05-23', '07:57:45', 0, '2018-05-24 14:12:09', NULL, NULL),
(302, '50272', 'Yati', '2018-05-23', '07:57:47', 0, '2018-05-24 14:12:09', NULL, NULL),
(303, '50272', 'Yati', '2018-05-23', '15:10:53', 1, '2018-05-24 14:12:09', NULL, NULL),
(304, '5256543', 'Dony', '2018-05-23', '08:30:47', 0, '2018-05-24 14:12:09', NULL, NULL),
(305, '5256543', 'Dony', '2018-05-23', '15:40:11', 1, '2018-05-24 14:12:10', NULL, NULL),
(306, '57724', 'Anisa', '2018-05-23', '07:56:19', 0, '2018-05-24 14:12:10', NULL, NULL),
(307, '57724', 'Anisa', '2018-05-23', '15:10:01', 0, '2018-05-24 14:12:10', NULL, NULL),
(308, '57724', 'Anisa', '2018-05-23', '15:10:55', 1, '2018-05-24 14:12:10', NULL, NULL),
(309, '57235', 'Wahyudi', '2018-05-23', '07:27:01', 0, '2018-05-24 14:12:10', NULL, NULL),
(310, '57235', 'Wahyudi', '2018-05-23', '16:40:39', 1, '2018-05-24 14:12:10', NULL, NULL),
(311, '16217', 'Ati', '2018-05-23', '07:56:03', 0, '2018-05-24 14:12:10', NULL, NULL),
(312, '16217', 'Ati', '2018-05-23', '07:56:09', 0, '2018-05-24 14:12:11', NULL, NULL),
(313, '16217', 'Ati', '2018-05-23', '07:56:10', 0, '2018-05-24 14:12:11', NULL, NULL),
(314, '16217', 'Ati', '2018-05-23', '15:05:22', 1, '2018-05-24 14:12:11', NULL, NULL),
(315, '16217', 'Ati', '2018-05-23', '15:05:58', 1, '2018-05-24 14:12:11', NULL, NULL),
(316, '16217', 'Ati', '2018-05-23', '15:06:01', 1, '2018-05-24 14:12:11', NULL, NULL),
(317, '13474', 'Supratna', '2018-05-23', '07:49:36', 0, '2018-05-24 14:12:11', NULL, NULL),
(318, '13474', 'Supratna', '2018-05-23', '07:49:47', 0, '2018-05-24 14:12:11', NULL, NULL),
(319, '13474', 'Supratna', '2018-05-23', '16:04:50', 1, '2018-05-24 14:12:11', NULL, NULL),
(320, '13474', 'Supratna', '2018-05-23', '16:04:52', 1, '2018-05-24 14:12:11', NULL, NULL),
(321, '12458', 'Didik', '2018-05-22', '07:56:44', 0, '2018-05-24 14:13:08', NULL, NULL),
(322, '12458', 'Didik', '2018-05-22', '15:43:29', 1, '2018-05-24 14:13:08', NULL, NULL),
(323, '15068', 'Endah', '2018-05-22', '07:35:38', 0, '2018-05-24 14:13:08', NULL, NULL),
(324, '15068', 'Endah', '2018-05-22', '15:14:04', 1, '2018-05-24 14:13:08', NULL, NULL),
(325, '55838', 'Meta', '2018-05-22', '07:32:40', 0, '2018-05-24 14:13:08', NULL, NULL),
(326, '55838', 'Meta', '2018-05-22', '15:22:17', 1, '2018-05-24 14:13:08', NULL, NULL),
(327, '9321', 'Sri', '2018-05-22', '07:51:01', 0, '2018-05-24 14:13:08', NULL, NULL),
(328, '9321', 'Sri', '2018-05-22', '15:01:24', 1, '2018-05-24 14:13:08', NULL, NULL),
(329, '12203', 'Wirjan', '2018-05-22', '07:40:18', 0, '2018-05-24 14:13:08', NULL, NULL),
(330, '12203', 'Wirjan', '2018-05-22', '13:06:19', 2, '2018-05-24 14:13:08', NULL, NULL),
(331, '12203', 'Wirjan', '2018-05-22', '13:06:32', 3, '2018-05-24 14:13:08', NULL, NULL),
(332, '12203', 'Wirjan', '2018-05-22', '15:03:15', 1, '2018-05-24 14:13:09', NULL, NULL),
(333, '16404', 'Aris', '2018-05-22', '07:51:44', 0, '2018-05-24 14:13:09', NULL, NULL),
(334, '16404', 'Aris', '2018-05-22', '07:51:46', 0, '2018-05-24 14:13:09', NULL, NULL),
(335, '16404', 'Aris', '2018-05-22', '15:21:55', 1, '2018-05-24 14:13:09', NULL, NULL),
(336, '19680', 'Sinchan', '2018-05-22', '07:53:32', 0, '2018-05-24 14:13:09', NULL, NULL),
(337, '19680', 'Sinchan', '2018-05-22', '15:17:00', 1, '2018-05-24 14:13:09', NULL, NULL),
(338, '55178', 'Linna', '2018-05-22', '07:56:11', 0, '2018-05-24 14:13:09', NULL, NULL),
(339, '55178', 'Linna', '2018-05-22', '16:36:25', 1, '2018-05-24 14:13:09', NULL, NULL),
(340, '55178', 'Linna', '2018-05-22', '16:36:26', 1, '2018-05-24 14:13:09', NULL, NULL),
(341, '19476', 'Mus', '2018-05-22', '07:50:17', 0, '2018-05-24 14:13:09', NULL, NULL),
(342, '19476', 'Mus', '2018-05-22', '16:09:11', 1, '2018-05-24 14:13:09', NULL, NULL),
(343, '19393', 'Rosidi', '2018-05-22', '07:54:59', 0, '2018-05-24 14:13:09', NULL, NULL),
(344, '19393', 'Rosidi', '2018-05-22', '15:26:25', 1, '2018-05-24 14:13:10', NULL, NULL),
(345, '55170', 'Gun', '2018-05-22', '07:56:24', 0, '2018-05-24 14:13:10', NULL, NULL),
(346, '55170', 'Gun', '2018-05-22', '07:56:25', 0, '2018-05-24 14:13:10', NULL, NULL),
(347, '55170', 'Gun', '2018-05-22', '15:10:01', 1, '2018-05-24 14:13:10', NULL, NULL),
(348, '55170', 'Gun', '2018-05-22', '15:10:02', 1, '2018-05-24 14:13:10', NULL, NULL),
(349, '16544', 'Wini', '2018-05-22', '07:38:14', 0, '2018-05-24 14:13:10', NULL, NULL),
(350, '16544', 'Wini', '2018-05-22', '15:36:04', 1, '2018-05-24 14:13:10', NULL, NULL),
(351, '9601', 'Yanti', '2018-05-22', '07:42:29', 0, '2018-05-24 14:13:11', NULL, NULL),
(352, '9601', 'Yanti', '2018-05-22', '07:42:41', 0, '2018-05-24 14:13:11', NULL, NULL),
(353, '9601', 'Yanti', '2018-05-22', '13:06:13', 2, '2018-05-24 14:13:11', NULL, NULL),
(354, '9601', 'Yanti', '2018-05-22', '13:06:26', 3, '2018-05-24 14:13:11', NULL, NULL),
(355, '9601', 'Yanti', '2018-05-22', '15:02:01', 1, '2018-05-24 14:13:11', NULL, NULL),
(356, '20473', 'Jimen', '2018-05-22', '07:30:25', 0, '2018-05-24 14:13:11', NULL, NULL),
(357, '20473', 'Jimen', '2018-05-22', '15:13:00', 1, '2018-05-24 14:13:11', NULL, NULL),
(358, '17056', 'Ikhsan', '2018-05-22', '07:56:52', 0, '2018-05-24 14:13:11', NULL, NULL),
(359, '17056', 'Ikhsan', '2018-05-22', '07:57:02', 0, '2018-05-24 14:13:11', NULL, NULL),
(360, '17056', 'Ikhsan', '2018-05-22', '15:09:48', 1, '2018-05-24 14:13:11', NULL, NULL),
(361, '13829', 'Tri', '2018-05-22', '07:56:16', 0, '2018-05-24 14:13:11', NULL, NULL),
(362, '13829', 'Tri', '2018-05-22', '15:42:39', 1, '2018-05-24 14:13:12', NULL, NULL),
(363, '11047', 'Suhartini', '2018-05-22', '07:55:57', 0, '2018-05-24 14:13:12', NULL, NULL),
(364, '11047', 'Suhartini', '2018-05-22', '15:08:09', 1, '2018-05-24 14:13:12', NULL, NULL),
(365, '53294', 'Isna', '2018-05-22', '07:58:19', 0, '2018-05-24 14:13:12', NULL, NULL),
(366, '53294', 'Isna', '2018-05-22', '16:20:06', 1, '2018-05-24 14:13:12', NULL, NULL),
(367, '14275', 'Saan', '2018-05-22', '07:25:15', 0, '2018-05-24 14:13:12', NULL, NULL),
(368, '14275', 'Saan', '2018-05-22', '15:14:51', 1, '2018-05-24 14:13:12', NULL, NULL),
(369, '12865', 'Atul', '2018-05-22', '07:50:52', 0, '2018-05-24 14:13:12', NULL, NULL),
(370, '12865', 'Atul', '2018-05-22', '07:50:53', 0, '2018-05-24 14:13:12', NULL, NULL),
(371, '12865', 'Atul', '2018-05-22', '15:08:56', 1, '2018-05-24 14:13:12', NULL, NULL),
(372, '12865', 'Atul', '2018-05-22', '15:08:58', 1, '2018-05-24 14:13:12', NULL, NULL),
(373, '12865', 'Atul', '2018-05-22', '15:09:44', 1, '2018-05-24 14:13:12', NULL, NULL),
(374, '9393', 'Eny', '2018-05-22', '07:52:26', 0, '2018-05-24 14:13:12', NULL, NULL),
(375, '9393', 'Eny', '2018-05-22', '13:12:51', 2, '2018-05-24 14:13:12', NULL, NULL),
(376, '9393', 'Eny', '2018-05-22', '13:12:59', 3, '2018-05-24 14:13:12', NULL, NULL),
(377, '9393', 'Eny', '2018-05-22', '15:07:55', 1, '2018-05-24 14:13:13', NULL, NULL),
(378, '17228', 'Rita', '2018-05-22', '07:48:59', 0, '2018-05-24 14:13:13', NULL, NULL),
(379, '17228', 'Rita', '2018-05-22', '15:03:02', 0, '2018-05-24 14:13:13', NULL, NULL),
(380, '17228', 'Rita', '2018-05-22', '15:03:09', 1, '2018-05-24 14:13:13', NULL, NULL),
(381, '12575', 'Nur', '2018-05-22', '07:55:16', 0, '2018-05-24 14:13:13', NULL, NULL),
(382, '12575', 'Nur', '2018-05-22', '07:55:18', 0, '2018-05-24 14:13:13', NULL, NULL),
(383, '12575', 'Nur', '2018-05-22', '15:09:37', 1, '2018-05-24 14:13:13', NULL, NULL),
(384, '8443', 'Kadek', '2018-05-22', '07:40:35', 0, '2018-05-24 14:13:13', NULL, NULL),
(385, '8443', 'Kadek', '2018-05-22', '15:46:22', 1, '2018-05-24 14:13:13', NULL, NULL),
(386, '16137', 'Zam', '2018-05-22', '07:43:53', 0, '2018-05-24 14:13:13', NULL, NULL),
(387, '16137', 'Zam', '2018-05-22', '07:43:55', 0, '2018-05-24 14:13:13', NULL, NULL),
(388, '16137', 'Zam', '2018-05-22', '16:12:23', 1, '2018-05-24 14:13:14', NULL, NULL),
(389, '16137', 'Zam', '2018-05-22', '16:12:26', 1, '2018-05-24 14:13:14', NULL, NULL),
(390, '13526', 'Rifai', '2018-05-22', '07:25:01', 0, '2018-05-24 14:13:14', NULL, NULL),
(391, '13526', 'Rifai', '2018-05-22', '15:10:07', 1, '2018-05-24 14:13:14', NULL, NULL),
(392, '11320', 'Sulastri', '2018-05-22', '07:55:09', 0, '2018-05-24 14:13:14', NULL, NULL),
(393, '11320', 'Sulastri', '2018-05-22', '15:04:15', 1, '2018-05-24 14:13:14', NULL, NULL),
(394, '10358', 'Fatimah', '2018-05-22', '07:53:53', 0, '2018-05-24 14:13:14', NULL, NULL),
(395, '10358', 'Fatimah', '2018-05-22', '07:54:14', 0, '2018-05-24 14:13:14', NULL, NULL),
(396, '10358', 'Fatimah', '2018-05-22', '15:01:46', 0, '2018-05-24 14:13:15', NULL, NULL),
(397, '10358', 'Fatimah', '2018-05-22', '15:01:48', 0, '2018-05-24 14:13:15', NULL, NULL),
(398, '18188', 'Ria', '2018-05-22', '08:06:20', 0, '2018-05-24 14:13:15', NULL, NULL),
(399, '18188', 'Ria', '2018-05-22', '15:11:12', 1, '2018-05-24 14:13:15', NULL, NULL),
(400, '13358', 'Roedi', '2018-05-22', '08:00:10', 0, '2018-05-24 14:13:16', NULL, NULL),
(401, '13358', 'Roedi', '2018-05-22', '15:11:31', 1, '2018-05-24 14:13:16', NULL, NULL),
(402, '13472', 'Wati', '2018-05-22', '07:54:52', 0, '2018-05-24 14:13:16', NULL, NULL),
(403, '13472', 'Wati', '2018-05-22', '17:07:30', 1, '2018-05-24 14:13:16', NULL, NULL),
(404, '54218', 'Ratna', '2018-05-22', '07:49:10', 0, '2018-05-24 14:13:16', NULL, NULL),
(405, '54218', 'Ratna', '2018-05-22', '15:17:51', 1, '2018-05-24 14:13:16', NULL, NULL),
(406, '15309', 'Agus', '2018-05-22', '07:25:23', 0, '2018-05-24 14:13:16', NULL, NULL),
(407, '15309', 'Agus', '2018-05-22', '07:25:26', 0, '2018-05-24 14:13:16', NULL, NULL),
(408, '15309', 'Agus', '2018-05-22', '17:00:43', 1, '2018-05-24 14:13:16', NULL, NULL),
(409, '16866', 'Sukri', '2018-05-22', '07:54:18', 0, '2018-05-24 14:13:16', NULL, NULL),
(410, '16866', 'Sukri', '2018-05-22', '07:54:22', 0, '2018-05-24 14:13:16', NULL, NULL),
(411, '16866', 'Sukri', '2018-05-22', '17:30:29', 1, '2018-05-24 14:13:16', NULL, NULL),
(412, '16866', 'Sukri', '2018-05-22', '17:30:31', 1, '2018-05-24 14:13:16', NULL, NULL),
(413, '54414', 'Murni', '2018-05-22', '07:39:23', 0, '2018-05-24 14:13:16', NULL, NULL),
(414, '54414', 'Murni', '2018-05-22', '15:56:46', 1, '2018-05-24 14:13:17', NULL, NULL),
(415, '17401', 'Mika', '2018-05-22', '07:53:48', 0, '2018-05-24 14:13:17', NULL, NULL),
(416, '17401', 'Mika', '2018-05-22', '07:53:55', 0, '2018-05-24 14:13:17', NULL, NULL),
(417, '17401', 'Mika', '2018-05-22', '16:11:07', 1, '2018-05-24 14:13:17', NULL, NULL),
(418, '17401', 'Mika', '2018-05-22', '16:11:09', 1, '2018-05-24 14:13:17', NULL, NULL),
(419, '15534', 'Luken', '2018-05-22', '07:55:26', 0, '2018-05-24 14:13:17', NULL, NULL),
(420, '15534', 'Luken', '2018-05-22', '13:06:00', 2, '2018-05-24 14:13:17', NULL, NULL),
(421, '15534', 'Luken', '2018-05-22', '13:10:40', 3, '2018-05-24 14:13:17', NULL, NULL),
(422, '15534', 'Luken', '2018-05-22', '18:48:39', 1, '2018-05-24 14:13:17', NULL, NULL),
(423, '9275', 'Bedah', '2018-05-22', '07:53:20', 0, '2018-05-24 14:13:17', NULL, NULL),
(424, '9275', 'Bedah', '2018-05-22', '12:09:20', 2, '2018-05-24 14:13:17', NULL, NULL),
(425, '9275', 'Bedah', '2018-05-22', '12:09:27', 3, '2018-05-24 14:13:17', NULL, NULL),
(426, '9275', 'Bedah', '2018-05-22', '15:01:02', 1, '2018-05-24 14:13:18', NULL, NULL),
(427, '9275', 'Bedah', '2018-05-22', '15:01:30', 1, '2018-05-24 14:13:18', NULL, NULL),
(428, '16053', 'Yudhis', '2018-05-22', '07:48:37', 0, '2018-05-24 14:13:18', NULL, NULL),
(429, '16053', 'Yudhis', '2018-05-22', '21:11:37', 1, '2018-05-24 14:13:18', NULL, NULL),
(430, '54408', 'Cass', '2018-05-22', '07:39:15', 0, '2018-05-24 14:13:18', NULL, NULL),
(431, '54408', 'Cass', '2018-05-22', '07:39:18', 0, '2018-05-24 14:13:18', NULL, NULL),
(432, '54408', 'Cass', '2018-05-22', '16:04:19', 1, '2018-05-24 14:13:18', NULL, NULL),
(433, '54408', 'Cass', '2018-05-22', '16:04:21', 1, '2018-05-24 14:13:18', NULL, NULL),
(434, '525200001', 'Ibun', '2018-05-22', '06:38:56', 1, '2018-05-24 14:13:18', NULL, NULL),
(435, '525200001', 'Ibun', '2018-05-22', '22:31:42', 0, '2018-05-24 14:13:18', NULL, NULL),
(436, '525200002', 'Juned', '2018-05-22', '14:20:52', 0, '2018-05-24 14:13:18', NULL, NULL),
(437, '525200002', 'Juned', '2018-05-22', '22:18:31', 1, '2018-05-24 14:13:18', NULL, NULL),
(438, '525200002', 'Juned', '2018-05-22', '22:18:35', 1, '2018-05-24 14:13:19', NULL, NULL),
(439, '525200003', 'Mar', '2018-05-22', '06:49:05', 0, '2018-05-24 14:13:19', NULL, NULL),
(440, '525200003', 'Mar', '2018-05-22', '15:41:03', 1, '2018-05-24 14:13:19', NULL, NULL),
(441, '525200004', 'Muli', '2018-05-22', '06:51:58', 0, '2018-05-24 14:13:19', NULL, NULL),
(442, '525200004', 'Muli', '2018-05-22', '12:41:56', 2, '2018-05-24 14:13:19', NULL, NULL),
(443, '525200004', 'Muli', '2018-05-22', '12:42:02', 3, '2018-05-24 14:13:19', NULL, NULL),
(444, '525200004', 'Muli', '2018-05-22', '15:00:57', 1, '2018-05-24 14:13:19', NULL, NULL),
(445, '17065', 'Tina', '2018-05-22', '07:57:44', 0, '2018-05-24 14:13:19', NULL, NULL),
(446, '17065', 'Tina', '2018-05-22', '07:57:50', 0, '2018-05-24 14:13:19', NULL, NULL),
(447, '17065', 'Tina', '2018-05-22', '15:55:47', 1, '2018-05-24 14:13:19', NULL, NULL),
(448, '50125', 'Indra', '2018-05-22', '07:54:29', 0, '2018-05-24 14:13:19', NULL, NULL),
(449, '50125', 'Indra', '2018-05-22', '17:52:02', 1, '2018-05-24 14:13:19', NULL, NULL),
(450, '52171', 'Darte', '2018-05-22', '07:52:37', 0, '2018-05-24 14:13:19', NULL, NULL),
(451, '52171', 'Darte', '2018-05-22', '15:43:46', 1, '2018-05-24 14:13:19', NULL, NULL),
(452, '525200005', 'Heri', '2018-05-22', '07:10:27', 0, '2018-05-24 14:13:20', NULL, NULL),
(453, '525200005', 'Heri', '2018-05-22', '15:02:16', 0, '2018-05-24 14:13:20', NULL, NULL),
(454, '12530', 'Endang ', '2018-05-22', '07:47:55', 0, '2018-05-24 14:13:20', NULL, NULL),
(455, '12530', 'Endang ', '2018-05-22', '15:29:32', 1, '2018-05-24 14:13:20', NULL, NULL),
(456, '54209', 'Anik', '2018-05-22', '07:52:30', 0, '2018-05-24 14:13:20', NULL, NULL),
(457, '54209', 'Anik', '2018-05-22', '15:30:14', 1, '2018-05-24 14:13:20', NULL, NULL),
(458, '525200006', 'Isfi', '2018-05-22', '06:31:37', 0, '2018-05-24 14:13:20', NULL, NULL),
(459, '525200006', 'Isfi', '2018-05-22', '06:31:39', 0, '2018-05-24 14:13:20', NULL, NULL),
(460, '525200006', 'Isfi', '2018-05-22', '12:01:36', 2, '2018-05-24 14:13:20', NULL, NULL),
(461, '525200006', 'Isfi', '2018-05-22', '15:02:36', 1, '2018-05-24 14:13:20', NULL, NULL),
(462, '525200006', 'Isfi', '2018-05-22', '15:02:38', 1, '2018-05-24 14:13:20', NULL, NULL),
(463, '525200007', 'Yasa', '2018-05-22', '17:08:34', 0, '2018-05-24 14:13:20', NULL, NULL),
(464, '525200007', 'Yasa', '2018-05-22', '22:18:27', 1, '2018-05-24 14:13:20', NULL, NULL),
(465, '525200008', 'Birin', '2018-05-22', '07:46:00', 0, '2018-05-24 14:13:21', NULL, NULL),
(466, '525200009', 'Salam', '2018-05-22', '07:28:54', 0, '2018-05-24 14:13:21', NULL, NULL),
(467, '525200009', 'Salam', '2018-05-22', '13:00:16', 2, '2018-05-24 14:13:21', NULL, NULL),
(468, '525200009', 'Salam', '2018-05-22', '13:00:22', 3, '2018-05-24 14:13:21', NULL, NULL),
(469, '525200009', 'Salam', '2018-05-22', '15:08:26', 1, '2018-05-24 14:13:21', NULL, NULL),
(470, '50210', 'Wulan', '2018-05-22', '07:50:13', 0, '2018-05-24 14:13:22', NULL, NULL),
(471, '50210', 'Wulan', '2018-05-22', '15:13:30', 0, '2018-05-24 14:13:22', NULL, NULL),
(472, '56359', 'Medhia', '2018-05-22', '07:51:26', 0, '2018-05-24 14:13:22', NULL, NULL),
(473, '56359', 'Medhia', '2018-05-22', '07:51:29', 0, '2018-05-24 14:13:22', NULL, NULL),
(474, '56359', 'Medhia', '2018-05-22', '16:56:54', 1, '2018-05-24 14:13:22', NULL, NULL),
(475, '525200010', 'Andre', '2018-05-22', '07:55:39', 0, '2018-05-24 14:13:22', NULL, NULL),
(476, '16543', 'Yassinta', '2018-05-22', '07:44:17', 0, '2018-05-24 14:13:22', NULL, NULL),
(477, '16543', 'Yassinta', '2018-05-22', '07:44:19', 0, '2018-05-24 14:13:22', NULL, NULL),
(478, '16543', 'Yassinta', '2018-05-22', '15:02:52', 1, '2018-05-24 14:13:22', NULL, NULL),
(479, '16543', 'Yassinta', '2018-05-22', '15:02:55', 1, '2018-05-24 14:13:23', NULL, NULL),
(480, '14027', 'Andi', '2018-05-22', '07:53:27', 0, '2018-05-24 14:13:23', NULL, NULL),
(481, '14027', 'Andi', '2018-05-22', '16:50:15', 1, '2018-05-24 14:13:23', NULL, NULL),
(482, '19265', 'Amy', '2018-05-22', '07:36:52', 0, '2018-05-24 14:13:23', NULL, NULL),
(483, '19265', 'Amy', '2018-05-22', '16:16:13', 1, '2018-05-24 14:13:23', NULL, NULL),
(484, '14405', 'Kartini', '2018-05-22', '07:49:45', 0, '2018-05-24 14:13:23', NULL, NULL),
(485, '14405', 'Kartini', '2018-05-22', '07:49:50', 0, '2018-05-24 14:13:23', NULL, NULL),
(486, '14405', 'Kartini', '2018-05-22', '15:09:20', 1, '2018-05-24 14:13:23', NULL, NULL),
(487, '14405', 'Kartini', '2018-05-22', '15:09:53', 1, '2018-05-24 14:13:23', NULL, NULL),
(488, '50195', 'Pepti', '2018-05-22', '07:50:04', 0, '2018-05-24 14:13:23', NULL, NULL),
(489, '50195', 'Pepti', '2018-05-22', '15:35:50', 1, '2018-05-24 14:13:23', NULL, NULL),
(490, '525200011', 'Danuru', '2018-05-22', '07:07:00', 0, '2018-05-24 14:13:23', NULL, NULL),
(491, '525200011', 'Danuru', '2018-05-22', '21:57:06', 0, '2018-05-24 14:13:23', NULL, NULL),
(492, '57173', 'Nurmy', '2018-05-22', '07:45:11', 0, '2018-05-24 14:13:24', NULL, NULL),
(493, '57173', 'Nurmy', '2018-05-22', '15:13:55', 1, '2018-05-24 14:13:24', NULL, NULL),
(494, '16061', 'Ike', '2018-05-22', '08:00:48', 0, '2018-05-24 14:13:24', NULL, NULL),
(495, '16061', 'Ike', '2018-05-22', '08:00:54', 0, '2018-05-24 14:13:24', NULL, NULL),
(496, '16061', 'Ike', '2018-05-22', '15:35:54', 1, '2018-05-24 14:13:24', NULL, NULL),
(497, '50165', 'Zainuri', '2018-05-22', '07:57:53', 0, '2018-05-24 14:13:24', NULL, NULL),
(498, '50165', 'Zainuri', '2018-05-22', '07:57:55', 0, '2018-05-24 14:13:24', NULL, NULL),
(499, '50165', 'Zainuri', '2018-05-22', '07:58:05', 0, '2018-05-24 14:13:24', NULL, NULL),
(500, '50165', 'Zainuri', '2018-05-22', '15:02:49', 1, '2018-05-24 14:13:24', NULL, NULL),
(501, '50165', 'Zainuri', '2018-05-22', '15:02:50', 1, '2018-05-24 14:13:24', NULL, NULL),
(502, '50272', 'Yati', '2018-05-22', '07:57:59', 0, '2018-05-24 14:13:24', NULL, NULL),
(503, '50272', 'Yati', '2018-05-22', '15:06:06', 1, '2018-05-24 14:13:24', NULL, NULL),
(504, '5256543', 'Dony', '2018-05-22', '08:02:57', 0, '2018-05-24 14:13:24', NULL, NULL),
(505, '5256543', 'Dony', '2018-05-22', '15:22:53', 1, '2018-05-24 14:13:25', NULL, NULL),
(506, '57724', 'Anisa', '2018-05-22', '08:03:39', 0, '2018-05-24 14:13:25', NULL, NULL),
(507, '57724', 'Anisa', '2018-05-22', '15:26:28', 1, '2018-05-24 14:13:25', NULL, NULL),
(508, '57235', 'Wahyudi', '2018-05-22', '07:41:24', 0, '2018-05-24 14:13:25', NULL, NULL),
(509, '57235', 'Wahyudi', '2018-05-22', '17:06:58', 1, '2018-05-24 14:13:25', NULL, NULL),
(510, '16217', 'Ati', '2018-05-22', '07:53:36', 0, '2018-05-24 14:13:25', NULL, NULL),
(511, '16217', 'Ati', '2018-05-22', '07:53:43', 0, '2018-05-24 14:13:25', NULL, NULL),
(512, '16217', 'Ati', '2018-05-22', '07:53:45', 0, '2018-05-24 14:13:26', NULL, NULL),
(513, '16217', 'Ati', '2018-05-22', '15:05:40', 1, '2018-05-24 14:13:26', NULL, NULL),
(514, '16217', 'Ati', '2018-05-22', '15:05:51', 1, '2018-05-24 14:13:26', NULL, NULL),
(515, '13098', 'Putradi', '2018-05-22', '07:34:14', 0, '2018-05-24 14:13:26', NULL, NULL),
(516, '13098', 'Putradi', '2018-05-22', '15:43:17', 1, '2018-05-24 14:13:26', NULL, NULL),
(517, '13474', 'Supratna', '2018-05-22', '07:36:14', 0, '2018-05-24 14:13:26', NULL, NULL),
(518, '13474', 'Supratna', '2018-05-22', '07:36:20', 0, '2018-05-24 14:13:26', NULL, NULL),
(519, '13474', 'Supratna', '2018-05-22', '15:44:46', 1, '2018-05-24 14:13:26', NULL, NULL),
(520, '12458', 'Didik', '2018-05-21', '08:00:07', 0, '2018-05-24 14:34:51', NULL, NULL),
(521, '15068', 'Endah', '2018-05-21', '07:33:13', 0, '2018-05-24 14:34:51', NULL, NULL),
(522, '15068', 'Endah', '2018-05-21', '15:12:01', 1, '2018-05-24 14:34:51', NULL, NULL),
(523, '55838', 'Meta', '2018-05-21', '07:43:53', 0, '2018-05-24 14:34:52', NULL, NULL),
(524, '55838', 'Meta', '2018-05-21', '15:08:39', 1, '2018-05-24 14:34:52', NULL, NULL),
(525, '9321', 'Sri', '2018-05-21', '07:37:51', 0, '2018-05-24 14:34:52', NULL, NULL),
(526, '9321', 'Sri', '2018-05-21', '12:04:08', 2, '2018-05-24 14:34:52', NULL, NULL),
(527, '9321', 'Sri', '2018-05-21', '12:04:17', 3, '2018-05-24 14:34:52', NULL, NULL),
(528, '9321', 'Sri', '2018-05-21', '15:02:40', 0, '2018-05-24 14:34:52', NULL, NULL),
(529, '9321', 'Sri', '2018-05-21', '15:02:46', 1, '2018-05-24 14:34:52', NULL, NULL),
(530, '12203', 'Wirjan', '2018-05-21', '07:38:56', 0, '2018-05-24 14:34:52', NULL, NULL),
(531, '12203', 'Wirjan', '2018-05-21', '12:02:46', 2, '2018-05-24 14:34:52', NULL, NULL),
(532, '12203', 'Wirjan', '2018-05-21', '12:04:25', 3, '2018-05-24 14:34:52', NULL, NULL),
(533, '12203', 'Wirjan', '2018-05-21', '15:03:23', 1, '2018-05-24 14:34:52', NULL, NULL),
(534, '19680', 'Sinchan', '2018-05-21', '07:18:17', 0, '2018-05-24 14:34:52', NULL, NULL),
(535, '19680', 'Sinchan', '2018-05-21', '16:27:47', 1, '2018-05-24 14:34:52', NULL, NULL),
(536, '55178', 'Linna', '2018-05-21', '07:48:06', 0, '2018-05-24 14:34:53', NULL, NULL),
(537, '55178', 'Linna', '2018-05-21', '15:30:58', 1, '2018-05-24 14:34:53', NULL, NULL),
(538, '55178', 'Linna', '2018-05-21', '15:31:00', 1, '2018-05-24 14:34:53', NULL, NULL),
(539, '19476', 'Mus', '2018-05-21', '07:48:33', 0, '2018-05-24 14:34:53', NULL, NULL),
(540, '19476', 'Mus', '2018-05-21', '15:36:30', 1, '2018-05-24 14:34:53', NULL, NULL),
(541, '19393', 'Rosidi', '2018-05-21', '07:35:02', 0, '2018-05-24 14:34:53', NULL, NULL),
(542, '19393', 'Rosidi', '2018-05-21', '07:35:06', 0, '2018-05-24 14:34:53', NULL, NULL),
(543, '19393', 'Rosidi', '2018-05-21', '12:38:39', 2, '2018-05-24 14:34:53', NULL, NULL),
(544, '19393', 'Rosidi', '2018-05-21', '12:38:46', 3, '2018-05-24 14:34:54', NULL, NULL),
(545, '19393', 'Rosidi', '2018-05-21', '15:36:53', 1, '2018-05-24 14:34:54', NULL, NULL),
(546, '19393', 'Rosidi', '2018-05-21', '15:36:56', 1, '2018-05-24 14:34:54', NULL, NULL),
(547, '55170', 'Gun', '2018-05-21', '07:52:37', 0, '2018-05-24 14:34:54', NULL, NULL),
(548, '55170', 'Gun', '2018-05-21', '07:52:38', 0, '2018-05-24 14:34:54', NULL, NULL),
(549, '55170', 'Gun', '2018-05-21', '15:35:54', 1, '2018-05-24 14:34:54', NULL, NULL),
(550, '55170', 'Gun', '2018-05-21', '15:35:56', 1, '2018-05-24 14:34:54', NULL, NULL),
(551, '16544', 'Wini', '2018-05-21', '07:35:28', 0, '2018-05-24 14:34:54', NULL, NULL),
(552, '16544', 'Wini', '2018-05-21', '15:29:48', 0, '2018-05-24 14:34:54', NULL, NULL),
(553, '16544', 'Wini', '2018-05-21', '15:29:56', 1, '2018-05-24 14:34:54', NULL, NULL),
(554, '9601', 'Yanti', '2018-05-21', '08:09:20', 0, '2018-05-24 14:34:54', NULL, NULL),
(555, '9601', 'Yanti', '2018-05-21', '12:05:09', 2, '2018-05-24 14:34:55', NULL, NULL),
(556, '9601', 'Yanti', '2018-05-21', '15:01:23', 1, '2018-05-24 14:34:55', NULL, NULL),
(557, '9601', 'Yanti', '2018-05-21', '15:02:50', 1, '2018-05-24 14:34:55', NULL, NULL),
(558, '20473', 'Jimen', '2018-05-21', '07:46:56', 0, '2018-05-24 14:34:55', NULL, NULL),
(559, '20473', 'Jimen', '2018-05-21', '12:41:18', 0, '2018-05-24 14:34:55', NULL, NULL),
(560, '20473', 'Jimen', '2018-05-21', '12:41:25', 2, '2018-05-24 14:34:55', NULL, NULL),
(561, '20473', 'Jimen', '2018-05-21', '12:41:32', 3, '2018-05-24 14:34:55', NULL, NULL),
(562, '20473', 'Jimen', '2018-05-21', '15:03:14', 1, '2018-05-24 14:34:55', NULL, NULL),
(563, '17056', 'Ikhsan', '2018-05-21', '07:56:04', 0, '2018-05-24 14:34:55', NULL, NULL),
(564, '17056', 'Ikhsan', '2018-05-21', '15:09:48', 1, '2018-05-24 14:34:55', NULL, NULL),
(565, '17056', 'Ikhsan', '2018-05-21', '15:09:55', 1, '2018-05-24 14:34:56', NULL, NULL),
(566, '13829', 'Tri', '2018-05-21', '07:53:01', 0, '2018-05-24 14:34:56', NULL, NULL),
(567, '13829', 'Tri', '2018-05-21', '15:26:05', 0, '2018-05-24 14:34:56', NULL, NULL),
(568, '13829', 'Tri', '2018-05-21', '15:26:12', 1, '2018-05-24 14:34:56', NULL, NULL),
(569, '11047', 'Suhartini', '2018-05-21', '07:31:05', 0, '2018-05-24 14:34:56', NULL, NULL),
(570, '11047', 'Suhartini', '2018-05-21', '15:09:22', 1, '2018-05-24 14:34:56', NULL, NULL),
(571, '53294', 'Isna', '2018-05-21', '07:54:25', 0, '2018-05-24 14:34:56', NULL, NULL),
(572, '53294', 'Isna', '2018-05-21', '16:20:54', 1, '2018-05-24 14:34:56', NULL, NULL),
(573, '14275', 'Saan', '2018-05-21', '07:10:04', 0, '2018-05-24 14:34:56', NULL, NULL);
INSERT INTO `log_absen` (`id`, `absen_id`, `nama`, `tanggal`, `jam`, `kode`, `waktu_sync`, `flag`, `ket`) VALUES
(574, '14275', 'Saan', '2018-05-21', '15:03:10', 1, '2018-05-24 14:34:56', NULL, NULL),
(575, '12865', 'Atul', '2018-05-21', '07:47:50', 0, '2018-05-24 14:34:56', NULL, NULL),
(576, '12865', 'Atul', '2018-05-21', '07:47:51', 0, '2018-05-24 14:34:56', NULL, NULL),
(577, '12865', 'Atul', '2018-05-21', '13:14:31', 2, '2018-05-24 14:34:57', NULL, NULL),
(578, '12865', 'Atul', '2018-05-21', '13:14:32', 2, '2018-05-24 14:34:57', NULL, NULL),
(579, '12865', 'Atul', '2018-05-21', '13:14:43', 3, '2018-05-24 14:34:57', NULL, NULL),
(580, '12865', 'Atul', '2018-05-21', '15:09:28', 1, '2018-05-24 14:34:57', NULL, NULL),
(581, '12865', 'Atul', '2018-05-21', '15:09:32', 1, '2018-05-24 14:34:57', NULL, NULL),
(582, '9393', 'Eny', '2018-05-21', '07:49:27', 0, '2018-05-24 14:34:57', NULL, NULL),
(583, '9393', 'Eny', '2018-05-21', '15:14:20', 1, '2018-05-24 14:34:57', NULL, NULL),
(584, '17228', 'Rita', '2018-05-21', '07:37:26', 0, '2018-05-24 14:34:57', NULL, NULL),
(585, '17228', 'Rita', '2018-05-21', '12:30:54', 2, '2018-05-24 14:34:57', NULL, NULL),
(586, '17228', 'Rita', '2018-05-21', '12:31:37', 3, '2018-05-24 14:34:57', NULL, NULL),
(587, '17228', 'Rita', '2018-05-21', '15:04:01', 1, '2018-05-24 14:34:57', NULL, NULL),
(588, '12575', 'Nur', '2018-05-21', '07:56:45', 0, '2018-05-24 14:34:57', NULL, NULL),
(589, '12575', 'Nur', '2018-05-21', '07:56:51', 0, '2018-05-24 14:34:57', NULL, NULL),
(590, '12575', 'Nur', '2018-05-21', '07:57:12', 0, '2018-05-24 14:34:58', NULL, NULL),
(591, '12575', 'Nur', '2018-05-21', '15:08:56', 1, '2018-05-24 14:34:58', NULL, NULL),
(592, '8443', 'Kadek', '2018-05-21', '07:48:45', 0, '2018-05-24 14:34:58', NULL, NULL),
(593, '8443', 'Kadek', '2018-05-21', '12:42:07', 2, '2018-05-24 14:34:58', NULL, NULL),
(594, '8443', 'Kadek', '2018-05-21', '12:46:09', 3, '2018-05-24 14:34:58', NULL, NULL),
(595, '8443', 'Kadek', '2018-05-21', '15:51:05', 1, '2018-05-24 14:34:58', NULL, NULL),
(596, '16137', 'Zam', '2018-05-21', '07:20:41', 0, '2018-05-24 14:34:58', NULL, NULL),
(597, '16137', 'Zam', '2018-05-21', '07:20:43', 0, '2018-05-24 14:34:58', NULL, NULL),
(598, '16137', 'Zam', '2018-05-21', '15:14:07', 1, '2018-05-24 14:34:58', NULL, NULL),
(599, '16137', 'Zam', '2018-05-21', '15:14:09', 1, '2018-05-24 14:34:58', NULL, NULL),
(600, '13526', 'Rifai', '2018-05-21', '06:46:00', 0, '2018-05-24 14:34:58', NULL, NULL),
(601, '13526', 'Rifai', '2018-05-21', '15:04:49', 1, '2018-05-24 14:34:59', NULL, NULL),
(602, '11320', 'Sulastri', '2018-05-21', '07:54:30', 0, '2018-05-24 14:34:59', NULL, NULL),
(603, '10358', 'Fatimah', '2018-05-21', '08:36:07', 0, '2018-05-24 14:34:59', NULL, NULL),
(604, '10358', 'Fatimah', '2018-05-21', '15:06:16', 1, '2018-05-24 14:34:59', NULL, NULL),
(605, '10358', 'Fatimah', '2018-05-21', '15:06:22', 1, '2018-05-24 14:34:59', NULL, NULL),
(606, '11317', 'Islam', '2018-05-21', '08:00:20', 0, '2018-05-24 14:34:59', NULL, NULL),
(607, '11317', 'Islam', '2018-05-21', '08:00:25', 0, '2018-05-24 14:34:59', NULL, NULL),
(608, '11317', 'Islam', '2018-05-21', '08:00:27', 0, '2018-05-24 14:34:59', NULL, NULL),
(609, '11317', 'Islam', '2018-05-21', '15:25:31', 1, '2018-05-24 14:34:59', NULL, NULL),
(610, '11317', 'Islam', '2018-05-21', '15:25:33', 1, '2018-05-24 14:34:59', NULL, NULL),
(611, '18188', 'Ria', '2018-05-21', '07:54:18', 0, '2018-05-24 14:34:59', NULL, NULL),
(612, '18188', 'Ria', '2018-05-21', '15:09:34', 1, '2018-05-24 14:34:59', NULL, NULL),
(613, '13358', 'Roedi', '2018-05-21', '08:00:13', 0, '2018-05-24 14:34:59', NULL, NULL),
(614, '13358', 'Roedi', '2018-05-21', '15:06:36', 1, '2018-05-24 14:35:00', NULL, NULL),
(615, '13472', 'Wati', '2018-05-21', '07:47:09', 0, '2018-05-24 14:35:00', NULL, NULL),
(616, '13472', 'Wati', '2018-05-21', '16:12:36', 1, '2018-05-24 14:35:00', NULL, NULL),
(617, '54218', 'Ratna', '2018-05-21', '07:43:46', 0, '2018-05-24 14:35:00', NULL, NULL),
(618, '54218', 'Ratna', '2018-05-21', '15:22:38', 0, '2018-05-24 14:35:00', NULL, NULL),
(619, '54218', 'Ratna', '2018-05-21', '15:22:46', 1, '2018-05-24 14:35:00', NULL, NULL),
(620, '15309', 'Agus', '2018-05-21', '07:24:46', 0, '2018-05-24 14:35:00', NULL, NULL),
(621, '15309', 'Agus', '2018-05-21', '07:24:50', 0, '2018-05-24 14:35:00', NULL, NULL),
(622, '15309', 'Agus', '2018-05-21', '07:24:52', 0, '2018-05-24 14:35:00', NULL, NULL),
(623, '15309', 'Agus', '2018-05-21', '12:41:53', 2, '2018-05-24 14:35:00', NULL, NULL),
(624, '15309', 'Agus', '2018-05-21', '12:41:59', 3, '2018-05-24 14:35:00', NULL, NULL),
(625, '15309', 'Agus', '2018-05-21', '16:24:34', 1, '2018-05-24 14:35:01', NULL, NULL),
(626, '16866', 'Sukri', '2018-05-21', '07:56:07', 0, '2018-05-24 14:35:01', NULL, NULL),
(627, '16866', 'Sukri', '2018-05-21', '07:56:09', 0, '2018-05-24 14:35:01', NULL, NULL),
(628, '16866', 'Sukri', '2018-05-21', '16:03:01', 1, '2018-05-24 14:35:01', NULL, NULL),
(629, '16866', 'Sukri', '2018-05-21', '16:03:05', 1, '2018-05-24 14:35:01', NULL, NULL),
(630, '54414', 'Murni', '2018-05-21', '07:34:44', 0, '2018-05-24 14:35:01', NULL, NULL),
(631, '54414', 'Murni', '2018-05-21', '17:37:50', 1, '2018-05-24 14:35:01', NULL, NULL),
(632, '17401', 'Mika', '2018-05-21', '07:49:57', 0, '2018-05-24 14:35:01', NULL, NULL),
(633, '17401', 'Mika', '2018-05-21', '07:50:03', 0, '2018-05-24 14:35:01', NULL, NULL),
(634, '17401', 'Mika', '2018-05-21', '07:50:04', 0, '2018-05-24 14:35:02', NULL, NULL),
(635, '17401', 'Mika', '2018-05-21', '17:37:35', 1, '2018-05-24 14:35:02', NULL, NULL),
(636, '17401', 'Mika', '2018-05-21', '17:37:37', 1, '2018-05-24 14:35:02', NULL, NULL),
(637, '15534', 'Luken', '2018-05-21', '07:58:11', 0, '2018-05-24 14:35:02', NULL, NULL),
(638, '15534', 'Luken', '2018-05-21', '18:28:15', 1, '2018-05-24 14:35:02', NULL, NULL),
(639, '9275', 'Bedah', '2018-05-21', '07:47:57', 0, '2018-05-24 14:35:02', NULL, NULL),
(640, '9275', 'Bedah', '2018-05-21', '12:04:48', 2, '2018-05-24 14:35:02', NULL, NULL),
(641, '9275', 'Bedah', '2018-05-21', '12:04:55', 3, '2018-05-24 14:35:02', NULL, NULL),
(642, '9275', 'Bedah', '2018-05-21', '15:01:10', 1, '2018-05-24 14:35:02', NULL, NULL),
(643, '16053', 'Yudhis', '2018-05-21', '08:03:27', 0, '2018-05-24 14:35:02', NULL, NULL),
(644, '16053', 'Yudhis', '2018-05-21', '15:12:29', 0, '2018-05-24 14:35:02', NULL, NULL),
(645, '16053', 'Yudhis', '2018-05-21', '15:12:36', 1, '2018-05-24 14:35:03', NULL, NULL),
(646, '54408', 'Cass', '2018-05-21', '07:34:36', 0, '2018-05-24 14:35:03', NULL, NULL),
(647, '54408', 'Cass', '2018-05-21', '07:34:38', 0, '2018-05-24 14:35:03', NULL, NULL),
(648, '54408', 'Cass', '2018-05-21', '17:28:40', 1, '2018-05-24 14:35:03', NULL, NULL),
(649, '525200001', 'Ibun', '2018-05-21', '06:26:56', 0, '2018-05-24 14:35:04', NULL, NULL),
(650, '525200001', 'Ibun', '2018-05-21', '06:27:04', 1, '2018-05-24 14:35:04', NULL, NULL),
(651, '525200001', 'Ibun', '2018-05-21', '22:05:16', 0, '2018-05-24 14:35:04', NULL, NULL),
(652, '525200002', 'Juned', '2018-05-21', '14:14:33', 0, '2018-05-24 14:35:04', NULL, NULL),
(653, '525200002', 'Juned', '2018-05-21', '22:02:31', 1, '2018-05-24 14:35:05', NULL, NULL),
(654, '525200002', 'Juned', '2018-05-21', '22:02:36', 1, '2018-05-24 14:35:05', NULL, NULL),
(655, '525200003', 'Mar', '2018-05-21', '06:47:40', 0, '2018-05-24 14:35:05', NULL, NULL),
(656, '525200003', 'Mar', '2018-05-21', '15:56:38', 1, '2018-05-24 14:35:05', NULL, NULL),
(657, '525200004', 'Muli', '2018-05-21', '06:43:40', 0, '2018-05-24 14:35:05', NULL, NULL),
(658, '525200004', 'Muli', '2018-05-21', '15:09:03', 1, '2018-05-24 14:35:05', NULL, NULL),
(659, '50125', 'Indra', '2018-05-21', '07:57:52', 0, '2018-05-24 14:35:05', NULL, NULL),
(660, '50125', 'Indra', '2018-05-21', '07:57:53', 0, '2018-05-24 14:35:05', NULL, NULL),
(661, '50125', 'Indra', '2018-05-21', '15:19:55', 1, '2018-05-24 14:35:06', NULL, NULL),
(662, '50125', 'Indra', '2018-05-21', '15:19:58', 1, '2018-05-24 14:35:06', NULL, NULL),
(663, '52171', 'Darte', '2018-05-21', '07:49:14', 0, '2018-05-24 14:35:06', NULL, NULL),
(664, '52171', 'Darte', '2018-05-21', '15:11:55', 1, '2018-05-24 14:35:06', NULL, NULL),
(665, '525200005', 'Heri', '2018-05-21', '07:31:47', 0, '2018-05-24 14:35:06', NULL, NULL),
(666, '525200005', 'Heri', '2018-05-21', '12:03:50', 2, '2018-05-24 14:35:07', NULL, NULL),
(667, '525200005', 'Heri', '2018-05-21', '15:14:58', 1, '2018-05-24 14:35:07', NULL, NULL),
(668, '12530', 'Endang ', '2018-05-21', '07:47:40', 0, '2018-05-24 14:35:07', NULL, NULL),
(669, '12530', 'Endang ', '2018-05-21', '15:15:06', 1, '2018-05-24 14:35:07', NULL, NULL),
(670, '54209', 'Anik', '2018-05-21', '07:34:27', 0, '2018-05-24 14:35:07', NULL, NULL),
(671, '54209', 'Anik', '2018-05-21', '15:30:06', 1, '2018-05-24 14:35:07', NULL, NULL),
(672, '525200006', 'Isfi', '2018-05-21', '06:29:48', 0, '2018-05-24 14:35:07', NULL, NULL),
(673, '525200006', 'Isfi', '2018-05-21', '06:29:50', 0, '2018-05-24 14:35:07', NULL, NULL),
(674, '525200006', 'Isfi', '2018-05-21', '12:02:41', 2, '2018-05-24 14:35:07', NULL, NULL),
(675, '525200006', 'Isfi', '2018-05-21', '12:04:34', 0, '2018-05-24 14:35:07', NULL, NULL),
(676, '525200006', 'Isfi', '2018-05-21', '12:04:41', 3, '2018-05-24 14:35:07', NULL, NULL),
(677, '525200006', 'Isfi', '2018-05-21', '15:10:08', 1, '2018-05-24 14:35:07', NULL, NULL),
(678, '525200006', 'Isfi', '2018-05-21', '15:10:09', 1, '2018-05-24 14:35:07', NULL, NULL),
(679, '525200007', 'Yasa', '2018-05-21', '17:09:10', 0, '2018-05-24 14:35:08', NULL, NULL),
(680, '525200007', 'Yasa', '2018-05-21', '21:57:45', 1, '2018-05-24 14:35:08', NULL, NULL),
(681, '525200008', 'Birin', '2018-05-21', '07:21:46', 0, '2018-05-24 14:35:08', NULL, NULL),
(682, '525200008', 'Birin', '2018-05-21', '15:29:15', 1, '2018-05-24 14:35:08', NULL, NULL),
(683, '525200009', 'Salam', '2018-05-21', '07:34:04', 0, '2018-05-24 14:35:08', NULL, NULL),
(684, '525200009', 'Salam', '2018-05-21', '12:40:27', 2, '2018-05-24 14:35:08', NULL, NULL),
(685, '525200009', 'Salam', '2018-05-21', '12:41:04', 3, '2018-05-24 14:35:08', NULL, NULL),
(686, '525200009', 'Salam', '2018-05-21', '15:25:23', 1, '2018-05-24 14:35:08', NULL, NULL),
(687, '50210', 'Wulan', '2018-05-21', '07:38:08', 0, '2018-05-24 14:35:08', NULL, NULL),
(688, '50210', 'Wulan', '2018-05-21', '15:16:41', 1, '2018-05-24 14:35:08', NULL, NULL),
(689, '56359', 'Medhia', '2018-05-21', '07:53:28', 0, '2018-05-24 14:35:09', NULL, NULL),
(690, '56359', 'Medhia', '2018-05-21', '16:17:00', 1, '2018-05-24 14:35:09', NULL, NULL),
(691, '56359', 'Medhia', '2018-05-21', '16:17:05', 1, '2018-05-24 14:35:09', NULL, NULL),
(692, '525200010', 'Andre', '2018-05-21', '07:51:11', 0, '2018-05-24 14:35:09', NULL, NULL),
(693, '525200010', 'Andre', '2018-05-21', '17:25:45', 1, '2018-05-24 14:35:09', NULL, NULL),
(694, '16543', 'Yassinta', '2018-05-21', '07:27:00', 0, '2018-05-24 14:35:09', NULL, NULL),
(695, '16543', 'Yassinta', '2018-05-21', '07:27:02', 0, '2018-05-24 14:35:09', NULL, NULL),
(696, '16543', 'Yassinta', '2018-05-21', '15:09:37', 1, '2018-05-24 14:35:09', NULL, NULL),
(697, '16543', 'Yassinta', '2018-05-21', '15:09:38', 1, '2018-05-24 14:35:09', NULL, NULL),
(698, '16543', 'Yassinta', '2018-05-21', '15:09:44', 1, '2018-05-24 14:35:09', NULL, NULL),
(699, '14027', 'Andi', '2018-05-21', '07:42:15', 0, '2018-05-24 14:35:09', NULL, NULL),
(700, '14027', 'Andi', '2018-05-21', '16:11:59', 1, '2018-05-24 14:35:09', NULL, NULL),
(701, '19265', 'Amy', '2018-05-21', '07:22:42', 0, '2018-05-24 14:35:10', NULL, NULL),
(702, '19265', 'Amy', '2018-05-21', '15:16:28', 1, '2018-05-24 14:35:10', NULL, NULL),
(703, '14405', 'Kartini', '2018-05-21', '07:36:28', 0, '2018-05-24 14:35:10', NULL, NULL),
(704, '14405', 'Kartini', '2018-05-21', '12:22:34', 2, '2018-05-24 14:35:10', NULL, NULL),
(705, '14405', 'Kartini', '2018-05-21', '12:28:06', 3, '2018-05-24 14:35:10', NULL, NULL),
(706, '14405', 'Kartini', '2018-05-21', '15:17:36', 1, '2018-05-24 14:35:10', NULL, NULL),
(707, '14405', 'Kartini', '2018-05-21', '15:17:43', 1, '2018-05-24 14:35:10', NULL, NULL),
(708, '50195', 'Pepti', '2018-05-21', '07:40:04', 0, '2018-05-24 14:35:10', NULL, NULL),
(709, '50195', 'Pepti', '2018-05-21', '15:30:09', 1, '2018-05-24 14:35:10', NULL, NULL),
(710, '525200011', 'Danuru', '2018-05-21', '07:25:17', 1, '2018-05-24 14:35:10', NULL, NULL),
(711, '525200011', 'Danuru', '2018-05-21', '21:58:38', 0, '2018-05-24 14:35:10', NULL, NULL),
(712, '16182', 'Arrief', '2018-05-21', '07:55:18', 0, '2018-05-24 14:35:10', NULL, NULL),
(713, '57173', 'Nurmy', '2018-05-21', '07:41:11', 0, '2018-05-24 14:35:11', NULL, NULL),
(714, '57173', 'Nurmy', '2018-05-21', '15:24:06', 1, '2018-05-24 14:35:11', NULL, NULL),
(715, '16061', 'Ike', '2018-05-21', '07:55:05', 0, '2018-05-24 14:35:11', NULL, NULL),
(716, '16061', 'Ike', '2018-05-21', '12:31:22', 2, '2018-05-24 14:35:11', NULL, NULL),
(717, '16061', 'Ike', '2018-05-21', '15:29:58', 1, '2018-05-24 14:35:11', NULL, NULL),
(718, '50165', 'Zainuri', '2018-05-21', '07:57:41', 0, '2018-05-24 14:35:11', NULL, NULL),
(719, '50165', 'Zainuri', '2018-05-21', '07:57:43', 0, '2018-05-24 14:35:11', NULL, NULL),
(720, '50165', 'Zainuri', '2018-05-21', '15:06:40', 1, '2018-05-24 14:35:11', NULL, NULL),
(721, '50165', 'Zainuri', '2018-05-21', '15:06:43', 1, '2018-05-24 14:35:11', NULL, NULL),
(722, '5256543', 'Dony', '2018-05-21', '07:48:48', 0, '2018-05-24 14:35:11', NULL, NULL),
(723, '5256543', 'Dony', '2018-05-21', '18:53:25', 1, '2018-05-24 14:35:11', NULL, NULL),
(724, '57724', 'Anisa', '2018-05-21', '07:56:11', 0, '2018-05-24 14:35:12', NULL, NULL),
(725, '57724', 'Anisa', '2018-05-21', '07:56:26', 0, '2018-05-24 14:35:12', NULL, NULL),
(726, '57724', 'Anisa', '2018-05-21', '12:31:30', 2, '2018-05-24 14:35:12', NULL, NULL),
(727, '57724', 'Anisa', '2018-05-21', '15:13:30', 0, '2018-05-24 14:35:12', NULL, NULL),
(728, '57235', 'Wahyudi', '2018-05-21', '07:31:16', 0, '2018-05-24 14:35:12', NULL, NULL),
(729, '57235', 'Wahyudi', '2018-05-21', '07:31:25', 0, '2018-05-24 14:35:12', NULL, NULL),
(730, '57235', 'Wahyudi', '2018-05-21', '17:22:42', 1, '2018-05-24 14:35:12', NULL, NULL),
(731, '16217', 'Ati', '2018-05-21', '07:55:46', 0, '2018-05-24 14:35:12', NULL, NULL),
(732, '16217', 'Ati', '2018-05-21', '07:55:51', 0, '2018-05-24 14:35:12', NULL, NULL),
(733, '16217', 'Ati', '2018-05-21', '15:06:58', 1, '2018-05-24 14:35:12', NULL, NULL),
(734, '16217', 'Ati', '2018-05-21', '15:07:00', 1, '2018-05-24 14:35:12', NULL, NULL),
(735, '16217', 'Ati', '2018-05-21', '15:07:04', 1, '2018-05-24 14:35:13', NULL, NULL),
(736, '13098', 'Putradi', '2018-05-21', '07:16:48', 0, '2018-05-24 14:35:13', NULL, NULL),
(737, '13098', 'Putradi', '2018-05-21', '15:33:32', 1, '2018-05-24 14:35:13', NULL, NULL),
(738, '13474', 'Supratna', '2018-05-21', '07:27:33', 0, '2018-05-24 14:35:13', NULL, NULL),
(739, '13474', 'Supratna', '2018-05-21', '07:27:39', 0, '2018-05-24 14:35:13', NULL, NULL),
(740, '13474', 'Supratna', '2018-05-21', '15:29:22', 1, '2018-05-24 14:35:13', NULL, NULL),
(741, '13474', 'Supratna', '2018-05-21', '15:29:29', 1, '2018-05-24 14:35:13', NULL, NULL);

-- --------------------------------------------------------

--
-- Table structure for table `m_bulan`
--

CREATE TABLE `m_bulan` (
  `id` smallint(2) NOT NULL,
  `bln_ind` varchar(15) NOT NULL,
  `bln_eng` varchar(15) NOT NULL
) ENGINE=InnoDB DEFAULT CHARSET=latin1;

--
-- Dumping data for table `m_bulan`
--

INSERT INTO `m_bulan` (`id`, `bln_ind`, `bln_eng`) VALUES
(1, 'Januari', 'January'),
(2, 'Februari', 'February'),
(3, 'Maret', 'March'),
(4, 'April', 'April'),
(5, 'Mei', 'May'),
(6, 'Juni', 'June'),
(7, 'Juli', 'July'),
(8, 'Agustus', 'August'),
(9, 'September', 'September'),
(10, 'Oktober', 'October'),
(11, 'November', 'November'),
(12, 'Desember', 'December');

-- --------------------------------------------------------

--
-- Table structure for table `m_gol`
--

CREATE TABLE `m_gol` (
  `gol_kode` int(2) NOT NULL,
  `gol_nama` varchar(5) NOT NULL,
  `gol_jabatan` varchar(30) NOT NULL
) ENGINE=InnoDB DEFAULT CHARSET=latin1;

--
-- Dumping data for table `m_gol`
--

INSERT INTO `m_gol` (`gol_kode`, `gol_nama`, `gol_jabatan`) VALUES
(11, 'I/a', 'JURU MUDA'),
(12, 'I/b', 'JURU MUDA TINGKAT I'),
(13, 'I/c', 'JURU'),
(14, 'I/d', 'JURU TINGKAT I'),
(21, 'II/a', 'PENGATUR MUDA'),
(22, 'II/b', 'PENGATUR MUDA TINGKAT I'),
(23, 'II/c', 'PENGATUR'),
(24, 'II/d', 'PENGATUR TINGKAT I'),
(31, 'III/a', 'PENATA MUDA'),
(32, 'III/b', 'PENATA MUDA TINGKAT I'),
(33, 'III/c', 'PENATA'),
(34, 'III/d', 'PENATA TINGKAT I'),
(41, 'IV/a', 'PEMBINA'),
(42, 'IV/b', 'PEMBINA TINGKAT I'),
(43, 'IV/c', 'PEMBINA UTAMA MUDA'),
(44, 'IV/d', 'PEMBINA UTAMA MADYA'),
(45, 'IV/e', 'PEMBINA UTAMA');

-- --------------------------------------------------------

--
-- Table structure for table `m_kamus`
--

CREATE TABLE `m_kamus` (
  `id` bigint(16) UNSIGNED NOT NULL,
  `redaksi` varchar(255) NOT NULL,
  `unit_kode` varchar(5) NOT NULL,
  `user_id` int(8) UNSIGNED DEFAULT NULL,
  `tgl_add` datetime NOT NULL,
  `tgl_update` datetime DEFAULT NULL,
  `update_oleh` int(8) DEFAULT NULL,
  `flag` tinyint(1) UNSIGNED DEFAULT NULL
) ENGINE=InnoDB DEFAULT CHARSET=latin1;

--
-- Dumping data for table `m_kamus`
--

INSERT INTO `m_kamus` (`id`, `redaksi`, `unit_kode`, `user_id`, `tgl_add`, `tgl_update`, `update_oleh`, `flag`) VALUES
(1, 'Editing Coding  SKD 2018', '52563', 1, '2018-05-02 15:16:54', '2018-05-17 13:51:47', 1, 1),
(2, 'Pengawasan  SKD 2018', '52563', 1, '2018-05-02 15:22:04', '2018-05-02 15:22:04', 1, 1),
(3, 'Pengawasan Editing Coding SKD 2018 dan Pemeriksaaan Pengumpulan Data SKD-P dan SKD-D 2018', '52563', 1, '2018-05-02 15:33:16', '2018-05-02 15:34:19', 1, 1),
(4, 'Olahraga senam SKJ', '52563', 1, '2018-05-04 17:23:25', '2018-05-04 17:23:25', 1, 1),
(5, 'Rapat Finalisasi data SE2016 UMK-UMB', '52563', 1, '2018-05-04 17:24:31', '2018-05-04 17:24:31', 1, 1),
(6, 'Press rilis angka inflasi', '52563', 1, '2018-05-04 17:25:13', '2018-05-04 17:25:13', 1, 1),
(7, 'Menyusun  Program Activity Daily Online BPS Provinsi NTB', '52563', 1, '2018-05-17 08:52:52', '2018-05-17 08:52:52', 1, 1),
(8, 'Pengawasan  Entri Data SKD-P dan SKD-D 2018', '52563', 1, '2018-05-17 09:16:31', '2018-05-17 09:16:31', 1, 1),
(9, 'Briefing pagi semua pegawai', '52563', 1, '2018-05-17 09:25:16', '2018-05-17 09:25:16', 1, 1),
(10, 'Rapat awal bulan Bidang', '52563', 1, '2018-05-17 09:38:11', '2018-05-17 09:38:11', 1, 1),
(11, 'Penyusunan Draft Publikasi  Perumahan Provinsi NTB 2017', '52521', 11, '2018-05-17 13:41:30', '2018-05-17 13:41:30', 11, 1),
(12, 'Rapat bidang bahas Podes 2018', '52521', 11, '2018-05-17 13:41:58', '2018-05-17 13:41:58', 11, 1),
(13, 'Briefing pagi semua pegawai', '52521', 11, '2018-05-17 13:42:29', '2018-05-17 13:42:29', 11, 1),
(14, 'Pemeriksaan Penyusunan Draft Publikasi  Perumahan Provinsi NTB 2017', '52521', 10, '2018-05-17 13:46:05', '2018-05-17 13:46:05', 10, 1),
(15, 'Rapat bidang bahas Podes 2018', '52521', 10, '2018-05-17 13:47:07', '2018-05-17 13:47:07', 10, 1),
(16, 'Briefing pagi semua pegawai', '52521', 10, '2018-05-17 13:48:33', '2018-05-17 13:48:33', 10, 1),
(17, 'Menyusun laporan yang diminta Inspektorat', '52563', 1, '2018-05-18 08:34:32', '2018-05-18 08:34:32', 1, 1),
(18, 'Yasinan bulan ramadhan', '52515', 16, '2018-05-18 08:36:15', '2018-05-18 08:36:15', 16, 1),
(19, 'Menyelesaikan laporan yang di minta inspektorat', '52515', 16, '2018-05-18 08:37:17', '2018-05-18 08:37:17', 16, 1),
(20, 'Menyelesaikan laporan yang di minta inspektorat', '52515', 17, '2018-05-18 08:37:55', '2018-05-18 08:37:55', 17, 1),
(21, 'Supervisi SUTAS2018 ke Lombok Utara', '52515', 17, '2018-05-18 08:53:08', '2018-05-18 08:53:08', 17, 1),
(22, 'Pengawasan  SKD-D dan SKD-P 2018', '52563', 1, '2018-05-18 09:47:07', '2018-05-18 09:47:07', 1, 1),
(23, 'testing kegiatan', '52563', 1, '2018-05-18 09:56:08', '2018-05-18 09:56:08', 1, 0),
(24, 'Upacara Bendera Hari Kebangkitan Bangsa', '52563', 1, '2018-05-21 08:54:53', NULL, NULL, 1),
(25, 'Pemeriksaan  Hasil Entri SKD-P dan SKD-D 2018', '52563', 1, '2018-05-21 08:59:17', NULL, NULL, 1),
(26, 'Penyusunan Aplikasi Aktivitas Online Pegawai', '52563', 1, '2018-05-21 13:39:48', NULL, NULL, 1),
(27, 'Upacara Bendera Hari Kebangkitan Bangsa', '52563', 6, '2018-05-21 14:46:21', NULL, NULL, 1),
(28, 'Pencacahan  data statistik sektoral dan metadata', '52563', 6, '2018-05-21 14:46:53', NULL, NULL, 1),
(29, 'Upacara Bendera Hari Kebangkitan Bangsa', '52563', 8, '2018-05-21 14:47:40', NULL, NULL, 1),
(30, 'Jaga perpustakaan', '52563', 8, '2018-05-21 14:48:21', NULL, NULL, 1),
(31, 'Upacara Bendera Hari Kebangkitan Bangsa', '52551', 21, '2018-05-21 17:15:19', NULL, NULL, 1),
(32, 'Pencacahan  data statistik sektoral dan metadata', '52563', 27, '2018-05-22 12:34:55', NULL, NULL, 1),
(33, 'Briefing pagi semua pegawai', '52563', 27, '2018-05-22 14:23:47', NULL, NULL, 1),
(34, 'Upacara Bendera Hari Kebangkitan Bangsa', '52563', 27, '2018-05-22 15:48:15', NULL, NULL, 1),
(35, 'Entri Data SKD-P dan SKD-D 2018', '52563', 27, '2018-05-23 10:12:08', NULL, NULL, 1);

-- --------------------------------------------------------

--
-- Table structure for table `m_peg`
--

CREATE TABLE `m_peg` (
  `id` bigint(12) UNSIGNED NOT NULL,
  `user_id` int(8) UNSIGNED DEFAULT NULL,
  `nip_lama` varchar(9) DEFAULT NULL,
  `nip_baru` varchar(18) DEFAULT NULL,
  `jk` tinyint(1) UNSIGNED DEFAULT NULL,
  `pangkat` int(2) UNSIGNED DEFAULT NULL,
  `tgl_add` datetime DEFAULT NULL,
  `add_oleh` int(8) UNSIGNED DEFAULT NULL,
  `tgl_update` datetime DEFAULT NULL,
  `update_oleh` int(8) UNSIGNED DEFAULT NULL
) ENGINE=InnoDB DEFAULT CHARSET=utf8;

-- --------------------------------------------------------

--
-- Table structure for table `redaksi`
--

CREATE TABLE `redaksi` (
  `id` int(11) NOT NULL,
  `redaksi` varchar(50) COLLATE utf8_unicode_ci NOT NULL
) ENGINE=InnoDB DEFAULT CHARSET=utf8 COLLATE=utf8_unicode_ci;

--
-- Dumping data for table `redaksi`
--

INSERT INTO `redaksi` (`id`, `redaksi`) VALUES
(1, 'Pencacahan'),
(2, 'Pengawasan'),
(3, 'Pemeriksaan'),
(4, 'Entri Dokumen'),
(5, 'Editing Coding'),
(6, 'Validasi'),
(7, 'Penyusunan Draft'),
(8, 'Pembuatan Tabulasi'),
(9, 'Penyusunan Laporan Publikasi'),
(10, 'Pemasukan Dokumen'),
(11, 'Penyusunan Draft Publikasi'),
(12, 'Pencetakan Laporan/Publikasi'),
(15, 'Pelatihan'),
(16, 'Pelatihan Petugas'),
(17, 'Briefing Petugas'),
(18, 'Rekrutmen Petugas Lapangan'),
(19, 'Mengawasi'),
(20, 'Memonitoring'),
(21, 'Merumuskan'),
(22, 'Merumuskan  Perencanaan, Monitoring  dan Evaluasi'),
(23, 'Monitoring  dan Evaluasi'),
(24, 'Menyampaikan'),
(25, 'Menyusun'),
(26, 'Mengawasi dan Monitoring'),
(27, 'Melakukan Pengawasan');

-- --------------------------------------------------------

--
-- Table structure for table `unitkerja`
--

CREATE TABLE `unitkerja` (
  `id` int(8) NOT NULL,
  `kode` varchar(5) NOT NULL,
  `nama` varchar(254) NOT NULL,
  `parent` varchar(5) DEFAULT NULL,
  `jenis` int(1) NOT NULL,
  `tgl_add` datetime NOT NULL,
  `add_oleh` int(8) NOT NULL,
  `tgl_update` datetime NOT NULL DEFAULT CURRENT_TIMESTAMP ON UPDATE CURRENT_TIMESTAMP,
  `update_oleh` int(8) NOT NULL,
  `eselon` int(1) NOT NULL
) ENGINE=InnoDB DEFAULT CHARSET=latin1;

--
-- Dumping data for table `unitkerja`
--

INSERT INTO `unitkerja` (`id`, `kode`, `nama`, `parent`, `jenis`, `tgl_add`, `add_oleh`, `tgl_update`, `update_oleh`, `eselon`) VALUES
(1, '52000', 'BPS Provinsi Nusa Tenggara Barat', NULL, 1, '2016-12-06 08:12:08', 1, '2016-12-06 00:12:08', 1, 2),
(2, '52510', 'Bagian Tata Usaha', '52000', 1, '2016-12-06 09:35:55', 1, '2016-12-06 08:35:55', 1, 3),
(3, '52511', 'Subbagian Bina Program', '52510', 1, '2016-12-10 13:28:49', 1, '2016-12-10 05:28:49', 1, 4),
(4, '52512', 'Subbagian Kepegawaian & Hukum', '52510', 1, '2016-12-10 13:33:23', 1, '2016-12-10 05:33:23', 1, 4),
(5, '52513', 'Subbagian Keuangan', '52510', 1, '2016-12-10 13:35:10', 1, '2016-12-10 05:35:10', 1, 4),
(6, '52514', 'Subbagian Umum', '52510', 1, '2016-12-10 13:35:54', 1, '2017-04-21 08:39:47', 1, 4),
(7, '52515', 'Subbagian Pengadaan Barang/Jasa', '52510', 1, '2016-12-10 13:40:09', 1, '2017-04-21 08:39:59', 1, 4),
(8, '52520', 'Bidang Statistik Sosial', '52000', 1, '2016-12-06 09:36:50', 1, '2016-12-10 05:39:26', 1, 3),
(9, '52521', 'Seksi Statistik Kependudukan', '52520', 1, '2016-12-10 13:43:19', 1, '2016-12-10 05:43:19', 1, 4),
(10, '52522', 'Seksi Statistik Ketahanan Sosial', '52520', 1, '2016-12-10 13:43:51', 1, '2016-12-10 05:43:51', 1, 4),
(11, '52523', 'Seksi Statistik Kesejahteraan Rakyat', '52520', 1, '2016-12-10 13:44:14', 1, '2016-12-10 05:44:14', 1, 4),
(12, '52530', 'Bidang Statistik Produksi', '52000', 1, '2016-12-06 09:37:57', 1, '2016-12-06 08:37:57', 1, 3),
(13, '52531', 'Seksi Statistik Pertanian', '52530', 1, '2016-12-10 18:52:16', 1, '2016-12-10 10:52:16', 1, 4),
(14, '52532', 'Seksi Statistik Industri', '52530', 1, '2016-12-10 18:52:50', 1, '2016-12-10 10:52:50', 1, 4),
(15, '52533', 'Seksi Statistik Pertambangan, Energi dan Konstruksi', '52530', 1, '2016-12-10 18:53:38', 1, '2016-12-10 10:53:38', 1, 4),
(16, '52540', 'Bidang Statistik Distribusi', '52000', 1, '2016-12-07 07:42:46', 1, '2016-12-07 06:42:46', 1, 3),
(17, '52541', 'Seksi Statistik Harga Konsumen dan Harga Perdagangan Besar', '52540', 1, '2016-12-10 18:54:22', 1, '2016-12-10 10:54:22', 1, 4),
(18, '52542', 'Seksi Statistik Keuangan Dan Harga Produsen', '52540', 1, '2016-12-10 18:54:47', 1, '2016-12-10 10:54:47', 1, 4),
(19, '52543', 'Seksi Statistik Niaga dan Jasa', '52540', 1, '2016-12-10 18:55:20', 1, '2016-12-10 10:55:20', 1, 4),
(20, '52550', 'Bidang Neraca Wilayah dan Analisis Statistik', '52000', 1, '2016-12-07 07:42:25', 1, '2016-12-07 06:42:25', 1, 3),
(21, '52551', 'Seksi Neraca Produksi', '52550', 1, '2016-12-10 18:58:18', 1, '2016-12-10 10:58:18', 1, 4),
(22, '52552', 'Seksi Neraca Konsumsi', '52550', 1, '2016-12-10 18:58:43', 1, '2016-12-10 10:58:43', 1, 4),
(23, '52553', 'Seksi Analisis Statistik Lintas Sektoral', '52550', 1, '2016-12-10 18:59:06', 1, '2016-12-10 10:59:06', 1, 4),
(24, '52560', 'Bidang Integrasi Pengolahan Dan Diseminasi Statistik', '52000', 1, '2016-12-06 09:34:35', 1, '2016-12-10 05:24:28', 1, 3),
(25, '52561', 'Seksi Integrasi Pengolahan Data', '52560', 1, '2016-12-06 09:23:00', 1, '2016-12-06 08:37:00', 1, 4),
(26, '52562', 'Seksi Jaringan dan Rujukan Statistik', '52560', 1, '2016-12-06 09:25:26', 1, '2016-12-06 08:37:10', 1, 4),
(27, '52563', 'Seksi Diseminasi dan Layanan Statistik', '52560', 1, '2016-12-06 09:36:17', 1, '2016-12-06 08:37:18', 1, 4);

-- --------------------------------------------------------

--
-- Table structure for table `users`
--

CREATE TABLE `users` (
  `id` int(8) NOT NULL,
  `absen_id` varchar(20) DEFAULT NULL,
  `username` varchar(255) NOT NULL,
  `passwd` varchar(32) NOT NULL,
  `nama` varchar(255) NOT NULL,
  `email` varchar(255) NOT NULL,
  `unitkerja` varchar(5) NOT NULL,
  `nohp` varchar(30) DEFAULT NULL,
  `peg_status` tinyint(1) UNSIGNED DEFAULT NULL,
  `peg_jabatan` tinyint(1) NOT NULL,
  `tgl_add` datetime NOT NULL,
  `add_oleh` int(8) NOT NULL,
  `tgl_update` datetime DEFAULT NULL,
  `update_oleh` int(8) DEFAULT NULL,
  `ip_lastlogin` varchar(20) DEFAULT NULL,
  `tgl_lastlogin` datetime DEFAULT NULL,
  `level` tinyint(2) NOT NULL,
  `aktif` tinyint(1) NOT NULL
) ENGINE=InnoDB DEFAULT CHARSET=latin1;

--
-- Dumping data for table `users`
--

INSERT INTO `users` (`id`, `absen_id`, `username`, `passwd`, `nama`, `email`, `unitkerja`, `nohp`, `peg_status`, `peg_jabatan`, `tgl_add`, `add_oleh`, `tgl_update`, `update_oleh`, `ip_lastlogin`, `tgl_lastlogin`, `level`, `aktif`) VALUES
(1, '17401', 'mika', 'c153f0a492b91e16adc06e38206b2ccb', 'I Putu Dyatmika', 'dyatmika@bps.go.id', '52563', '081237802900', 1, 1, '2018-04-30 15:28:13', 1, '2018-05-24 14:32:22', 1, '10.52.6.31', '2018-05-24 08:28:42', 2, 1),
(6, NULL, 'yudi', '0606800729d61eb20e85a5404dae13fc', 'Wahyudi Septiawan', 'wahyudi.septiawan@bps.go.id', '52563', '08180415', 1, 2, '2018-05-04 08:15:30', 1, '2018-05-24 08:28:20', 1, '10.52.6.31', '2018-05-24 08:27:32', 1, 1),
(7, NULL, 'agus', '9ae32e09273b3f572c0bd4a88e21e2fd', 'Agus Sudibyo', 'agus_sudibyo@bps.go.id', '52560', '08180000897', 1, 1, '2018-05-04 16:07:56', 1, '2018-05-07 11:29:40', 1, '10.52.6.31', '2018-05-21 16:57:45', 2, 1),
(8, NULL, 'yudis', '99c1b3ffcff7097facf1f17eb76405af', 'I Putu Yudhistira', 'dhisty@yahoo.com', '52563', '0819878237', 1, 2, '2018-05-14 15:00:47', 1, NULL, NULL, '10.52.6.31', '2018-05-21 14:47:52', 1, 1),
(9, NULL, 'andre', '66a0d3956fa2a4884b71cdefaf3ba2c0', 'Lalu Andre Lukito', 'andre.lukito@gmail.com', '52514', '087238', 2, 3, '2018-05-14 15:44:52', 1, NULL, NULL, NULL, NULL, 1, 1),
(10, NULL, 'hertina', '1e6bb7230c8a3aef265b3710ae96d8bb', 'Hertina Yusnissa', 'hertina@bps.go.id', '52521', '081878', 1, 1, '2018-05-17 13:40:03', 1, NULL, NULL, '10.52.6.31', '2018-05-17 13:45:27', 1, 1),
(11, NULL, 'isna', '238b2b7c02d936921098267a025774c8', 'Isna Zuriatina', 'isna.zr@gmail.com', '52521', '08180878', 1, 2, '2018-05-17 13:40:41', 1, NULL, NULL, '10.52.6.31', '2018-05-17 13:40:55', 1, 1),
(12, NULL, 'yati', '60b6af8d897ca7f74546bd564c831c0e', 'Yati', 'yati@bps.go.id', '52523', '081278', 1, 2, '2018-05-18 08:02:27', 1, NULL, NULL, NULL, NULL, 1, 1),
(13, NULL, 'sukri', 'f9fa7fed2908c2e4918ee7eb73b3211e', 'Ahmad Sukri', 'asukri@bps.go.id', '52562', '08778788', 1, 1, '2018-05-18 08:03:29', 1, NULL, NULL, NULL, NULL, 2, 1),
(14, NULL, 'endang', '715e8efadb0019bf7e885934fef9460d', 'Endang Tri Wahyuningsih', 'endang_t@bps.go.id', '52000', '0812377889', 1, 1, '2018-05-18 08:04:27', 1, NULL, NULL, NULL, NULL, 1, 1),
(15, NULL, 'supratna', 'b57fd1497a390d03389db5c2d2ceb7c9', 'Lalu Supratna', 'lalu.supratna@bps.go.id', '52510', '0812376867', 1, 1, '2018-05-18 08:05:28', 1, NULL, NULL, NULL, NULL, 1, 1),
(16, NULL, 'ndro', '0e786d4a14ff5a8377940a00d9d27d0b', 'Indra Sasmita', 'indrasasmita@bps.go.id', '52515', '0888738', 1, 1, '2018-05-18 08:06:07', 1, NULL, NULL, '10.52.6.31', '2018-05-18 08:35:28', 1, 1),
(17, NULL, 'murni', '401e1012801bcb720ccd7598ab374542', 'Murniyati', 'murniyati@bps.go.id', '52515', '0878', 1, 2, '2018-05-18 08:06:50', 1, NULL, NULL, '10.52.6.31', '2018-05-18 08:37:31', 1, 1),
(18, NULL, 'admin', '864f33e92b16273ce863deb991309deb', 'Super Admin', 'superadmin@bpsntb.my.id', '52000', '0871238', 1, 1, '2018-05-18 11:48:24', 1, NULL, NULL, '10.52.6.31', '2018-05-18 15:54:26', 3, 1),
(19, NULL, 'lukman', 'd2a1b65dc026e1b3c7d42796f159cb83', 'Lukman', 'lukman@bps.go.id', '52561', '0812378', 1, 1, '2018-05-21 17:06:21', 7, NULL, NULL, NULL, NULL, 2, 1),
(20, NULL, 'casslirais', '8dbdd220bde057f9c8df1c4273335c5c', 'Casslirais Surawan', 'casslirais@bps.go.id', '52562', '98778', 1, 2, '2018-05-21 17:07:39', 7, '2018-05-24 08:28:31', 1, NULL, NULL, 1, 1),
(21, NULL, 'omang', '164eafb8d97db9db7b80b2f991829b35', 'Ni Nyoman Ratna', 'nyomanratna@bps.go.id', '52551', '8772137188', 1, 2, '2018-05-21 17:08:55', 7, NULL, NULL, '10.52.6.31', '2018-05-21 17:14:37', 1, 1),
(22, NULL, 'gustilanangp', '7ba2f968b4a15d8b1ce8fc5609c4c8c4', 'I Gusti Lanang Putra', 'gustilanangp@bps.go.id', '52550', '08797', 1, 1, '2018-05-21 17:09:56', 7, NULL, NULL, NULL, NULL, 1, 1),
(23, NULL, 'putradi', '289378a3332d0a4fb767f1cb82b00e09', 'Ir. Lalu Putradi', 'putradi@bps.go.id', '52540', '08797', 1, 1, '2018-05-21 17:11:00', 7, NULL, NULL, NULL, NULL, 1, 1),
(24, NULL, 'arrief', 'bb934eef632423fedfc1949fc44f3301', 'Arrief Chandra Setiawan S.ST, M.Si', 'arrief@bps.go.id', '52520', '08766', 1, 1, '2018-05-21 17:12:01', 7, NULL, NULL, NULL, NULL, 1, 1),
(25, NULL, 'nikadek', 'cb8d11c18f3a7dafd15184dbcd73905c', 'Ni Kadek Adi Madri SE', 'nikadek.adi@bps.go.id', '52530', '023872387', 1, 1, '2018-05-21 17:13:09', 7, NULL, NULL, NULL, NULL, 1, 1),
(26, NULL, 'zammiluny', 'b43536195facad1e64704fafdc2ebc51', 'Akhmad Zammiluny, MM', 'zammiluny@bps.go.id', '52511', '342', 1, 1, '2018-05-21 17:14:20', 7, NULL, NULL, NULL, NULL, 1, 1),
(27, NULL, 'subaedah', 'ac709e914c88a98fc2e1ee258a5b6780', 'Subaedah', 'subaedah@bps.go.id', '52563', NULL, 1, 2, '2018-05-22 08:37:51', 1, NULL, NULL, '10.52.6.31', '2018-05-24 08:27:46', 1, 1),
(28, NULL, 'trikd', '269ca6192736ca034bc86f4006998d14', 'Tri Kadaryanti Ayuningtyas', 'tri_kd@bps.go.id', '52563', NULL, 1, 2, '2018-05-22 08:38:30', 1, NULL, NULL, NULL, NULL, 1, 1);

--
-- Indexes for dumped tables
--

--
-- Indexes for table `aktivitas`
--
ALTER TABLE `aktivitas`
  ADD PRIMARY KEY (`id`),
  ADD KEY `m_id` (`m_id`),
  ADD KEY `update_oleh` (`update_oleh`),
  ADD KEY `user_id` (`user_id`);

--
-- Indexes for table `hari_libur`
--
ALTER TABLE `hari_libur`
  ADD PRIMARY KEY (`id`);

--
-- Indexes for table `kode_tombol`
--
ALTER TABLE `kode_tombol`
  ADD PRIMARY KEY (`id`);

--
-- Indexes for table `log_absen`
--
ALTER TABLE `log_absen`
  ADD PRIMARY KEY (`id`);

--
-- Indexes for table `m_bulan`
--
ALTER TABLE `m_bulan`
  ADD PRIMARY KEY (`id`);

--
-- Indexes for table `m_gol`
--
ALTER TABLE `m_gol`
  ADD PRIMARY KEY (`gol_kode`);

--
-- Indexes for table `m_kamus`
--
ALTER TABLE `m_kamus`
  ADD PRIMARY KEY (`id`),
  ADD KEY `user_id` (`user_id`);

--
-- Indexes for table `m_peg`
--
ALTER TABLE `m_peg`
  ADD PRIMARY KEY (`id`),
  ADD KEY `user_id` (`user_id`),
  ADD KEY `pangkat` (`pangkat`);

--
-- Indexes for table `redaksi`
--
ALTER TABLE `redaksi`
  ADD PRIMARY KEY (`id`);

--
-- Indexes for table `unitkerja`
--
ALTER TABLE `unitkerja`
  ADD PRIMARY KEY (`id`);

--
-- Indexes for table `users`
--
ALTER TABLE `users`
  ADD PRIMARY KEY (`id`),
  ADD UNIQUE KEY `username` (`username`),
  ADD UNIQUE KEY `id` (`id`);

--
-- AUTO_INCREMENT for dumped tables
--

--
-- AUTO_INCREMENT for table `aktivitas`
--
ALTER TABLE `aktivitas`
  MODIFY `id` bigint(20) UNSIGNED NOT NULL AUTO_INCREMENT, AUTO_INCREMENT=44;

--
-- AUTO_INCREMENT for table `hari_libur`
--
ALTER TABLE `hari_libur`
  MODIFY `id` int(11) NOT NULL AUTO_INCREMENT, AUTO_INCREMENT=22;

--
-- AUTO_INCREMENT for table `log_absen`
--
ALTER TABLE `log_absen`
  MODIFY `id` bigint(20) UNSIGNED NOT NULL AUTO_INCREMENT, AUTO_INCREMENT=742;

--
-- AUTO_INCREMENT for table `m_bulan`
--
ALTER TABLE `m_bulan`
  MODIFY `id` smallint(2) NOT NULL AUTO_INCREMENT, AUTO_INCREMENT=13;

--
-- AUTO_INCREMENT for table `m_kamus`
--
ALTER TABLE `m_kamus`
  MODIFY `id` bigint(16) UNSIGNED NOT NULL AUTO_INCREMENT, AUTO_INCREMENT=36;

--
-- AUTO_INCREMENT for table `m_peg`
--
ALTER TABLE `m_peg`
  MODIFY `id` bigint(12) UNSIGNED NOT NULL AUTO_INCREMENT;

--
-- AUTO_INCREMENT for table `redaksi`
--
ALTER TABLE `redaksi`
  MODIFY `id` int(11) NOT NULL AUTO_INCREMENT, AUTO_INCREMENT=28;

--
-- AUTO_INCREMENT for table `unitkerja`
--
ALTER TABLE `unitkerja`
  MODIFY `id` int(8) NOT NULL AUTO_INCREMENT, AUTO_INCREMENT=28;

--
-- AUTO_INCREMENT for table `users`
--
ALTER TABLE `users`
  MODIFY `id` int(8) NOT NULL AUTO_INCREMENT, AUTO_INCREMENT=29;
COMMIT;

/*!40101 SET CHARACTER_SET_CLIENT=@OLD_CHARACTER_SET_CLIENT */;
/*!40101 SET CHARACTER_SET_RESULTS=@OLD_CHARACTER_SET_RESULTS */;
/*!40101 SET COLLATION_CONNECTION=@OLD_COLLATION_CONNECTION */;
